Ch B;Ch A;Ch C
Run #1;Run #1;Run #1
Temperatura (;Volum (cm³);Pressió (kPa)
302,973;92,174;226,645
302,973;92,335;226,645
302,973;92,495;226,645
302,622;92,817;225,567
302,622;93,138;223,951
302,271;93,941;221,796
302,271;94,745;219,102
300,868;95,709;216,408
300,166;96,994;212,636
299,465;98,279;208,864
298,412;99,725;204,554
297,36;101,01;201,321
296,659;102,135;198,627
295,957;103,42;195,933
295,255;104,223;193,239
294,554;104,866;192,161
293,852;105,669;190,545
293,852;106,151;189,467
293,852;106,794;187,851
293,151;107,597;186,773
293,151;108,24;185,157
292,449;109,203;183,54
292,449;110,328;181,385
291,748;111,292;179,769
291,046;112,417;177,075
291,046;113,702;174,381
290,345;114,987;172,225
289,643;116,433;170,07
289,292;117,879;167,376
288,591;119,164;165,221
288,24;120,61;162,527
287,538;122,056;160,372
286,837;123,502;158,216
286,837;124,948;156,061
286,135;126,554;154,445
285,434;127,839;151,751
285,434;129,446;149,595
284,381;131,052;147,44
284,031;132,498;145,285
283,329;134,265;143,668
282,978;135,711;141,513
282,627;137,318;139,897
281,926;138,924;137,742
281,224;140,37;136,664
281,224;141,977;134,509
280,523;143,583;132,353
279,821;145,029;130,737
279,821;146,636;129,659
279,821;148,403;128,043
278,769;150,17;125,888
278,418;152,259;123,732
277,717;153,865;122,116
277,015;156,114;119,961
277,015;157,721;118,344
276,313;159,488;116,728
275,612;161,577;115,112
275,261;163,504;113,495
274,91;165,432;111,879
274,209;167,199;110,801
274,209;168,967;109,185
273,507;170,573;108,107
273,156;172,019;106,491
272,806;173,626;105,413
272,806;175,071;104,874
272,104;176,517;103,797
272,104;177,963;102,719
271,753;178,927;102,18
271,403;180,212;101,102
271,403;181,498;100,564
271,403;182,622;99,486
270,701;184,068;98,947
270,701;185,193;97,87
270,701;186,478;97,331
270,35;187,602;96,792
269,999;188,727;95,714
269,999;189,53;95,714
269,999;190,494;95,176
269,999;191,297;95,176
269,999;192,101;94,098
269,649;193,386;93,559
269,649;194,35;93,559
269,649;195,635;92,482
269,298;196,76;91,404
269,298;197,884;91,404
269,298;198,527;90,865
269,298;198,527;90,865
269,298;198,527;91,404
269,298;198,687;91,404
269,298;198,527;91,404
269,649;198,527;91,404
268,596;198,687;91,404
269,999;198,527;91,404
269,999;198,687;91,404
268,596;198,527;91,943
268,596;198,527;91,943
268,596;198,687;91,943
268,596;198,527;92,482
268,596;198,527;92,482
268,596;198,527;92,482
268,596;198,527;92,482
268,596;198,527;92,482
268,947;198,527;92,482
268,947;198,527;92,482
269,298;198,527;92,482
269,298;198,527;92,482
269,649;198,687;93,02
269,649;198,527;93,02
269,649;198,527;93,02
269,649;198,527;93,02
269,999;198,527;93,02
269,999;198,527;93,02
269,999;198,527;93,559
269,999;198,527;93,559
269,999;198,527;93,559
269,999;198,527;93,559
270,35;198,687;93,559
270,701;198,527;93,559
270,35;198,527;93,559
270,701;198,527;93,559
270,701;198,687;93,559
270,701;198,527;93,559
270,701;198,527;94,098
271,403;198,687;94,098
271,403;198,527;94,098
271,403;198,687;94,637
271,403;198,527;94,098
271,403;198,527;94,637
271,403;198,687;94,637
271,403;198,527;94,637
271,403;198,527;94,637
271,753;198,527;94,637
271,403;198,687;95,176
271,753;198,527;94,637
271,753;198,527;95,176
272,104;198,527;95,176
272,104;198,527;95,176
272,455;198,527;95,176
272,104;198,687;95,176
272,455;198,527;95,176
272,806;198,527;95,176
272,806;198,687;95,176
272,806;198,527;95,176
273,156;198,527;95,176
273,507;198,527;95,176
274,209;198,527;95,714
274,56;198,527;95,714
275,612;198,527;95,714
275,612;198,527;95,714
275,612;198,527;95,714
276,313;198,527;95,714
276,313;198,527;95,714
277,015;198,687;95,714
277,015;198,527;95,714
277,015;198,687;96,253
277,015;198,527;95,714
277,366;198,527;95,714
277,717;198,527;95,714
277,717;198,527;96,253
277,717;198,527;96,253
278,067;198,687;96,253
278,418;198,527;96,253
278,418;198,687;96,253
278,769;198,527;96,792
278,769;198,687;96,792
278,769;198,527;96,792
278,769;198,527;96,792
279,12;198,527;96,792
279,12;198,527;96,792
279,821;198,527;96,792
279,821;198,527;96,792
279,821;198,687;96,792
279,821;198,527;96,792
279,821;198,527;96,792
279,821;198,687;96,792
279,821;198,527;96,792
279,821;198,527;96,792
280,172;198,527;97,331
280,523;198,527;96,792
280,523;198,527;97,331
280,523;198,527;97,331
280,874;198,527;97,331
280,874;198,687;97,331
281,224;198,687;97,331
281,224;198,527;97,331
281,224;198,687;97,331
281,224;198,527;97,331
281,575;198,527;97,87
281,575;198,687;97,87
281,575;198,527;97,87
281,575;198,687;97,331
281,926;198,687;97,87
281,926;198,527;97,87
281,926;198,527;97,87
281,926;198,527;97,87
282,627;198,527;97,87
282,627;198,687;97,87
282,627;198,687;97,87
282,627;198,687;97,87
282,627;198,527;97,87
282,627;198,687;97,87
282,627;198,527;97,87
282,978;198,687;97,87
282,978;198,527;97,87
282,978;198,527;97,87
282,978;198,527;97,87
283,329;198,527;98,408
283,329;198,687;97,87
283,329;198,527;97,87
283,329;198,687;98,408
283,329;198,527;98,408
283,68;198,527;98,408
283,68;198,687;98,408
284,031;198,527;98,408
284,031;198,687;98,408
284,031;198,687;98,408
284,031;198,527;98,408
284,031;198,527;98,947
284,031;198,527;98,947
284,381;198,687;98,408
284,732;198,527;98,947
284,381;198,527;98,947
284,381;198,687;98,947
284,732;198,687;98,947
284,732;198,687;98,947
285,434;198,687;98,947
285,434;198,527;98,947
285,434;198,527;98,947
285,434;198,527;98,947
285,434;198,527;98,947
285,434;198,527;99,486
285,434;198,687;98,947
285,434;198,527;98,947
285,434;198,687;98,947
285,434;198,527;98,947
285,434;198,527;98,947
285,434;198,527;99,486
285,434;198,527;98,947
285,434;198,527;99,486
285,784;198,687;99,486
285,434;198,527;99,486
285,784;198,527;99,486
285,784;198,527;99,486
285,784;198,527;99,486
285,784;198,527;99,486
286,135;198,687;99,486
286,135;198,527;99,486
286,135;198,527;99,486
286,135;198,687;99,486
286,135;198,527;99,486
286,135;198,527;99,486
286,135;198,527;99,486
286,135;198,527;99,486
286,135;198,527;99,486
286,486;198,527;99,486
286,135;198,527;99,486
286,837;198,527;99,486
286,837;198,527;99,486
286,837;198,527;100,025
286,837;198,687;99,486
286,837;198,527;99,486
286,837;198,527;100,025
286,837;198,527;100,025
286,837;198,527;99,486
286,837;198,687;99,486
286,837;198,687;99,486
286,837;198,527;100,025
286,837;198,687;100,025
286,837;198,527;100,025
286,837;198,527;100,025
287,188;198,687;100,025
286,837;198,527;100,025
287,188;198,527;100,025
287,188;198,527;100,025
287,188;198,527;100,025
287,538;198,527;100,025
287,538;198,687;100,025
287,538;198,687;100,025
287,538;198,527;100,025
287,538;198,687;100,025
287,538;198,527;100,025
287,538;198,527;100,025
287,538;198,527;100,025
287,538;198,687;100,025
288,24;198,687;100,025
287,889;198,687;100,025
288,24;198,687;100,025
288,24;198,527;100,025
288,24;198,687;100,025
288,24;198,527;100,025
288,24;198,687;100,025
288,24;198,687;100,025
288,24;198,527;100,025
288,24;198,527;100,025
288,24;198,527;100,025
288,24;198,527;100,025
288,24;198,527;100,025
288,24;198,527;100,564
288,24;198,687;100,564
288,24;198,527;100,564
288,24;198,687;100,025
288,24;198,527;100,564
288,24;198,527;100,564
288,591;198,527;100,564
288,591;198,687;100,025
288,591;198,687;100,564
288,591;198,527;100,564
288,591;198,687;100,564
288,941;198,527;100,564
288,941;198,687;100,564
288,941;198,527;100,564
288,941;198,527;100,564
288,941;198,687;100,564
288,941;198,527;100,564
288,941;198,687;101,102
288,941;198,527;100,564
288,941;198,527;100,564
289,292;198,527;100,025
288,941;198,687;100,564
289,292;198,687;100,564
289,292;198,687;100,564
289,292;198,687;101,102
289,643;198,527;100,564
289,643;198,527;101,102
289,643;198,527;101,102
289,643;198,527;101,102
289,643;198,687;101,102
289,643;198,527;101,102
289,643;198,527;100,564
289,643;198,687;101,102
289,643;198,527;101,102
289,643;198,687;101,102
289,643;198,527;101,102
289,643;198,687;101,102
289,643;198,527;101,102
289,994;198,527;101,102
289,643;198,527;101,102
289,994;198,527;101,102
289,994;198,527;101,102
289,994;198,527;101,102
289,994;198,687;101,102
290,345;198,527;101,102
289,994;198,527;101,102
289,994;198,527;101,102
289,994;198,527;101,102
290,345;198,687;101,102
290,345;198,527;101,102
290,345;198,527;101,102
290,345;198,687;101,102
290,345;198,527;101,102
290,345;198,527;101,102
290,345;198,527;101,102
290,345;198,687;101,102
291,046;198,527;101,641
291,046;198,687;101,102
291,046;198,687;101,102
291,046;198,527;101,102
291,046;198,527;101,102
291,046;198,527;101,641
291,046;198,527;101,102
291,046;198,527;101,102
291,046;198,687;101,102
291,046;198,527;101,102
291,046;198,687;101,641
291,046;198,687;101,641
291,046;198,527;101,641
291,046;198,687;101,641
291,046;198,527;101,641
291,046;198,527;101,102
291,046;198,527;101,102
291,046;198,687;101,641
291,046;198,527;101,102
291,046;198,687;101,641
291,046;198,687;101,102
291,046;198,527;101,641
291,046;198,527;101,641
291,046;198,527;101,641
291,046;198,687;101,641
291,397;198,527;101,641
291,397;198,687;101,641
291,397;198,687;101,641
291,397;198,687;101,641
291,397;198,527;101,641
291,397;198,527;101,641
291,748;198,527;101,641
291,397;198,687;101,641
291,748;198,527;101,641
291,748;198,527;101,641
291,748;198,687;102,18
291,748;198,687;101,641
291,748;198,527;101,641
291,748;198,527;102,18
291,748;198,527;101,641
291,748;198,687;101,641
291,748;198,527;101,641
291,748;198,687;101,641
291,748;198,527;101,641
291,748;198,687;101,641
291,748;198,527;101,641
292,098;198,527;102,18
292,098;198,687;102,18
292,098;198,527;102,18
292,098;198,687;101,641
292,449;198,527;102,18
292,449;198,527;102,18
292,449;198,527;101,641
292,449;198,527;102,18
292,449;198,527;102,18
292,449;198,527;101,641
292,449;198,527;102,18
292,449;198,687;102,18
292,449;198,687;102,18
292,449;198,527;102,18
292,449;198,527;102,18
292,449;198,687;102,18
292,449;198,527;102,18
292,449;198,527;102,18
292,449;198,527;102,18
292,449;198,687;102,18
292,8;198,527;102,18
292,8;198,527;102,18
292,449;198,527;102,18
292,8;198,527;102,18
292,8;198,527;102,18
292,8;198,527;102,18
292,8;198,527;102,18
293,151;198,527;102,18
293,151;198,527;102,18
293,151;198,527;102,18
293,151;198,527;102,18
293,151;198,527;102,18
293,151;198,527;102,18
293,151;198,527;102,18
293,151;198,687;102,18
293,151;198,527;102,18
293,502;198,527;102,18
293,151;198,527;102,18
293,852;198,527;102,18
293,852;198,366;102,18
293,852;198,527;102,18
293,852;198,527;102,18
293,852;198,206;102,18
293,852;198,206;102,18
293,852;198,206;102,719
293,852;198,045;102,719
293,852;197,884;102,719
293,852;197,884;103,258
294,203;197,563;102,719
294,203;197,402;103,258
294,203;197,242;103,258
294,554;196,76;103,797
294,554;196,438;103,797
294,905;196,278;104,335
295,255;195,956;104,335
295,255;195,474;104,335
295,255;194,992;104,874
295,606;194,671;105,413
295,957;194,35;105,413
295,957;193,868;105,952
296,659;193,547;105,952
296,659;193,386;106,491
296,659;192,904;106,491
297,009;192,583;106,491
297,36;192,422;107,029
297,36;192,101;107,029
297,36;191,94;107,029
297,36;191,779;107,568
297,711;191,619;108,107
298,062;191,458;108,107
298,062;191,297;108,107
298,062;191,137;108,107
298,412;191,137;108,107
298,412;190,976;108,107
298,062;190,815;108,107
298,412;190,815;108,107
298,763;190,494;108,646
298,763;190,333;108,646
298,763;190,173;108,646
299,114;190,012;108,646
299,465;189,852;108,646
299,465;189,691;108,646
299,465;189,53;109,185
299,465;189,37;109,185
299,465;189,209;109,723
299,465;189,048;109,723
299,816;188,727;109,723
299,816;188,566;109,723
300,166;188,566;110,262
300,166;188,245;110,262
300,166;188,245;110,262
300,166;188,245;110,262
300,517;187,924;110,801
300,517;187,763;110,801
300,868;187,602;110,801
300,868;187,602;110,801
300,868;187,281;110,801
300,868;187,281;110,801
300,868;187,12;110,801
301,219;186,96;110,801
301,219;186,96;110,801
301,219;186,799;110,801
301,569;186,638;111,34
301,569;186,478;111,34
302,271;186,478;111,34
301,569;186,317;111,34
302,271;186,156;111,879
302,271;185,996;111,879
302,271;185,835;111,879
302,271;185,675;111,879
302,271;185,675;112,417
302,271;185,675;112,417
302,271;185,675;112,417
302,271;185,353;112,417
302,271;185,193;112,417
302,271;185,193;112,417
302,622;185,032;112,956
302,622;184,871;112,956
302,622;184,871;112,956
302,622;184,711;112,956
302,973;184,389;112,956
302,973;184,389;112,956
302,973;184,068;113,495
303,323;183,907;113,495
303,323;183,907;113,495
302,973;183,747;113,495
303,674;183,586;113,495
303,674;183,425;114,034
303,674;183,265;114,034
303,674;183,104;114,034
304,025;183,104;114,034
303,674;183,104;114,034
304,025;183,104;114,573
304,025;182,783;114,034
304,025;182,783;114,034
304,025;182,622;114,573
304,376;182,461;114,573
304,376;182,301;114,573
304,376;182,301;114,573
304,376;182,14;115,112
304,376;182,14;114,573
304,376;181,819;115,112
304,726;181,819;115,112
305,077;181,498;115,112
305,077;181,337;115,112
305,077;181,176;115,112
305,077;181,016;115,65
305,077;181,016;115,65
305,077;180,855;115,65
305,077;180,694;115,65
305,077;180,534;116,189
305,077;180,534;116,189
305,428;180,534;116,189
305,077;180,212;116,728
305,428;180,212;116,189
305,428;180,052;116,728
305,428;180,052;116,728
305,428;179,891;116,728
305,428;179,73;116,728
305,779;179,57;116,728
305,779;179,57;116,728
305,779;179,57;116,728
305,779;179,248;116,728
305,779;179,409;117,267
305,779;179,248;117,267
305,779;179,248;117,267
305,779;179,248;117,267
305,779;178,927;117,267
305,779;178,927;117,267
305,779;178,606;117,267
306,13;178,606;117,267
305,779;178,445;117,267
305,779;178,445;117,267
306,13;178,284;118,344
306,48;178,284;117,806
306,13;178,124;117,806
306,13;177,963;117,806
306,48;177,963;118,344
306,48;177,963;118,344
306,48;177,642;118,344
306,48;177,481;118,344
306,48;177,481;118,344
306,48;177,321;118,344
306,48;177,16;118,883
306,48;176,999;118,344
306,48;177,16;118,883
306,48;176,999;118,883
306,48;176,999;118,883
306,831;176,678;118,883
306,48;176,678;118,883
306,831;176,517;119,422
306,831;176,517;119,422
306,831;176,357;118,883
306,48;176,357;119,422
306,831;176,357;119,422
306,831;176,196;119,422
306,831;176,035;119,422
306,831;175,875;119,422
307,182;175,875;119,422
307,182;175,714;119,422
306,831;175,714;119,961
306,831;175,714;119,961
307,182;175,393;119,961
307,182;175,393;119,961
307,182;175,393;120,5
307,883;175,071;120,5
307,883;174,911;120,5
307,182;174,75;120,5
307,883;174,589;120,5
307,883;174,429;121,038
307,883;174,429;121,038
307,883;174,107;121,038
307,883;174,107;121,038
307,883;174,107;121,038
307,883;173,947;121,577
307,883;173,786;121,577
307,883;173,626;121,577
307,883;173,626;121,577
307,883;173,465;121,577
307,883;173,465;121,577
307,883;173,304;121,577
307,883;173,144;121,577
307,883;173,144;121,577
307,883;172,983;122,116
307,883;172,983;122,116
307,883;172,822;122,116
307,883;172,822;122,116
307,883;172,822;122,116
307,883;172,501;121,577
307,883;172,662;122,116
307,883;172,34;122,655
307,883;172,34;122,655
307,883;172,18;122,655
307,883;172,18;122,655
307,883;172,019;122,655
307,883;171,858;122,655
307,883;171,858;122,655
307,883;171,698;122,655
307,883;171,698;122,655
307,883;171,537;123,194
307,883;171,537;123,194
307,883;171,376;123,194
307,883;171,537;123,194
307,883;171,216;123,194
307,883;171,216;123,194
307,883;171,216;123,194
307,883;170,894;123,732
307,883;171,055;123,194
307,883;170,894;123,194
307,883;170,894;123,732
307,883;170,734;123,732
307,883;170,734;123,732
307,883;170,734;123,732
307,883;170,573;123,732
307,883;170,412;123,732
307,883;170,252;123,732
307,883;170,252;123,732
307,883;170,252;123,732
307,883;169,93;124,271
307,883;169,93;124,271
307,883;169,77;124,271
307,883;169,609;124,81
307,883;169,609;124,81
307,883;169,449;124,81
307,883;169,288;124,81
307,883;169,288;125,349
307,883;169,127;124,81
307,883;169,127;125,349
307,883;169,127;125,349
307,883;168,967;125,349
307,883;168,967;125,349
307,883;168,967;125,349
307,883;168,967;125,349
307,883;168,806;125,349
307,883;168,645;125,349
307,883;168,485;125,349
307,883;168,485;125,349
307,883;168,324;125,349
307,883;168,324;125,349
307,883;168,163;125,888
307,883;168,163;125,888
307,883;168,003;125,888
307,883;167,842;125,888
307,883;167,842;125,888
307,883;167,681;125,888
307,883;167,681;125,888
307,883;167,681;125,888
307,883;167,681;126,427
307,883;167,36;125,888
307,883;167,199;126,427
307,883;167,199;126,427
307,883;167,039;126,427
307,883;167,039;126,427
307,883;166,878;126,965
307,883;166,717;126,965
307,883;166,717;126,965
307,883;166,557;126,965
307,883;166,557;126,965
307,883;166,396;126,965
307,883;166,396;126,965
307,883;166,235;127,504
307,883;166,075;127,504
307,883;166,075;127,504
307,883;165,914;127,504
307,883;165,914;127,504
307,883;165,753;127,504
307,883;165,753;127,504
307,883;165,753;128,043
307,883;165,753;128,043
307,883;165,593;128,043
307,883;165,593;128,043
307,883;165,432;128,043
307,883;165,432;128,043
307,883;165,272;128,043
307,883;165,432;128,043
307,883;165,272;128,043
307,883;165,272;128,043
307,883;165,111;128,043
307,883;165,111;128,043
307,883;165,111;128,043
307,883;165,111;128,043
307,883;165,111;128,043
307,883;164,79;128,043
307,883;164,79;128,582
307,883;164,629;128,582
307,883;164,629;128,043
307,883;164,629;128,582
307,883;164,308;128,582
307,883;164,308;128,582
307,883;164,147;128,582
307,182;164,147;129,121
307,883;164,147;129,121
307,883;164,147;129,121
307,883;163,986;129,121
307,182;163,826;128,582
307,883;163,826;129,121
307,182;163,826;129,659
307,182;163,826;129,121
307,883;163,826;129,121
307,182;163,826;129,659
307,883;163,826;129,659
307,182;163,826;129,659
307,883;163,826;129,659
307,182;163,504;129,659
306,831;163,504;129,659
307,182;163,344;129,659
306,831;163,344;129,659
306,831;163,344;129,659
306,831;163,344;129,659
306,831;163,183;129,659
306,831;163,183;129,659
306,48;163,183;129,659
306,831;163,022;129,659
306,831;163,022;129,659
306,831;162,862;129,659
306,48;162,862;129,659
306,831;162,701;129,659
306,831;162,862;129,659
306,831;162,701;129,659
306,831;162,701;129,659
306,831;162,54;129,659
306,48;162,54;129,659
306,48;162,54;129,659
306,48;162,54;130,198
306,48;162,54;130,198
306,48;162,54;129,659
306,48;162,54;130,198
306,48;162,54;130,198
306,48;162,219;130,198
306,48;162,219;130,198
306,48;162,219;130,198
306,48;162,219;130,198
306,48;162,058;130,198
306,48;161,898;130,198
306,48;161,898;130,198
306,48;161,898;130,198
306,48;161,737;130,198
306,48;161,737;130,198
306,48;161,577;130,198
306,48;161,577;130,737
306,48;161,416;130,737
306,48;161,416;130,737
306,48;161,416;130,737
306,48;161,255;130,737
306,48;161,255;130,737
306,13;161,255;131,276
306,48;161,095;131,276
306,48;160,934;131,276
306,48;160,773;131,276
306,48;160,934;131,276
306,48;160,773;131,276
306,48;160,773;131,276
306,48;160,613;131,276
306,48;160,613;131,815
306,48;160,452;131,276
306,48;160,452;131,276
306,48;160,452;131,815
306,48;160,291;131,276
306,13;160,291;131,815
306,13;160,291;131,815
306,48;160,291;131,815
306,13;160,131;131,276
306,13;160,131;131,815
306,13;159,97;131,815
306,13;159,97;131,815
306,13;159,97;132,353
306,48;159,97;132,353
306,13;159,97;131,815
306,13;159,97;132,353
306,13;159,649;132,353
306,13;159,649;132,353
306,13;159,327;132,353
306,13;159,488;132,353
306,13;159,167;132,353
306,13;159,167;132,353
306,13;159,167;132,892
306,13;159,167;132,353
306,13;159,006;132,353
306,13;159,006;132,892
306,48;159,006;132,892
306,13;158,685;132,892
306,13;158,845;132,892
306,48;158,685;132,892
306,13;158,685;132,892
306,13;158,685;132,892
306,13;158,685;133,431
306,13;158,685;133,431
306,13;158,685;133,431
305,779;158,685;133,431
306,13;158,203;133,431
306,13;158,363;133,431
305,779;158,203;133,97
306,13;158,042;133,431
306,13;157,881;133,97
306,13;157,881;133,97
306,13;157,881;133,97
306,48;157,721;133,97
306,13;157,721;133,97
306,13;157,721;133,97
306,13;157,56;133,97
306,48;157,56;133,97
305,779;157,4;133,97
306,13;157,4;133,97
306,13;157,4;133,97
305,779;157,4;133,97
306,13;157,4;133,97
306,13;157,4;133,97
305,779;157,4;133,97
305,779;157,4;133,97
305,779;157,4;133,97
305,779;157,4;134,509
305,779;157,4;134,509
305,779;157,078;133,97
305,779;157,078;134,509
305,779;157,078;134,509
305,779;157,078;134,509
305,779;156,918;134,509
305,779;156,757;134,509
305,779;156,757;134,509
305,779;156,757;134,509
305,779;156,757;134,509
305,779;156,596;134,509
305,779;156,596;134,509
305,779;156,436;135,047
305,779;156,436;135,047
305,779;156,436;135,047
305,779;156,275;135,047
305,779;156,275;135,047
305,779;156,114;135,047
305,779;156,114;135,586
305,779;155,954;135,586
305,779;155,954;135,586
305,779;155,793;135,586
305,779;155,793;135,586
305,779;155,632;135,586
305,779;155,632;135,586
305,779;155,472;135,586
305,779;155,311;135,586
305,779;155,472;135,586
305,779;155,311;135,586
305,779;155,311;136,125
305,779;155,311;136,125
305,779;155,311;136,125
305,779;155,15;136,125
305,779;155,15;136,125
305,779;155,15;136,125
305,779;155,15;136,125
305,779;155,15;136,125
305,779;155,15;136,125
305,779;155,15;136,125
305,779;154,99;136,125
305,779;154,99;136,125
305,428;154,99;136,664
305,779;154,829;136,125
305,428;154,99;136,125
305,428;154,829;136,664
305,428;154,829;136,664
305,428;154,829;136,664
305,428;154,829;136,664
305,428;154,508;136,664
305,428;154,508;136,664
305,428;154,508;136,664
305,428;154,347;136,664
305,428;154,347;136,664
305,428;154,186;136,664
305,428;154,186;136,664
305,077;154,026;136,664
305,428;154,026;137,203
305,428;154,026;137,203
305,077;153,865;137,203
305,428;153,704;137,203
305,428;153,544;137,742
305,428;153,544;137,742
305,428;153,223;137,742
305,428;153,223;137,742
305,779;153,062;138,28
305,428;152,901;138,28
305,428;152,901;138,28
305,428;152,741;138,819
305,428;152,58;138,28
305,779;152,419;138,819
305,779;152,419;138,819
305,779;152,419;138,819
305,779;152,259;138,819
305,779;152,259;138,819
305,779;152,259;138,819
305,779;152,259;138,819
305,428;152,259;138,819
305,428;151,937;138,819
305,428;151,937;138,819
305,428;151,937;138,819
305,428;151,777;138,819
305,077;151,777;139,358
305,428;151,616;139,897
305,077;151,616;139,358
305,428;151,455;139,897
305,077;151,295;139,897
305,077;151,134;139,897
305,428;150,973;139,897
305,077;150,973;140,436
305,077;150,652;140,436
305,077;150,652;140,436
305,077;150,652;140,974
305,077;150,491;140,436
305,077;150,491;140,974
305,077;150,331;140,974
304,025;150,491;140,974
304,025;150,331;140,974
304,025;150,331;140,974
304,376;150,331;140,974
303,674;150,331;140,436
304,025;150,331;140,974
304,025;150,331;140,974
303,323;150,331;140,436
302,973;150,331;140,974
300,868;150,331;140,974
300,868;150,331;140,436
300,868;150,331;140,974
300,868;150,331;140,436
300,868;150,331;140,436
300,868;150,331;140,436
300,868;150,331;140,436
300,868;150,331;140,436
300,868;150,331;140,974
300,517;150,331;140,974
300,517;150,17;140,436
300,166;150,331;140,436
300,166;150,331;140,436
300,166;150,17;140,436
300,166;150,331;140,436
299,816;150,17;140,436
300,166;150,17;140,436
300,517;150,17;140,436
300,166;150,17;140,436
300,166;150,009;140,436
300,166;150,009;140,974
300,166;149,849;140,974
300,166;149,688;140,974
300,166;149,688;140,974
300,166;149,688;140,974
300,166;149,527;141,513
300,517;149,367;141,513
300,166;149,206;141,513
300,517;149,046;142,052
300,166;149,046;141,513
300,166;149,046;142,052
300,166;148,885;142,052
300,166;148,885;142,052
300,517;148,724;142,591
300,517;148,724;142,052
300,166;148,724;142,591
300,517;148,724;142,591
300,517;148,724;142,591
300,166;148,564;142,591
300,166;148,564;142,591
300,166;148,403;142,591
300,166;148,403;142,591
300,166;148,403;142,591
300,166;148,403;142,591
300,166;148,403;142,591
299,816;148,242;142,591
300,868;148,242;142,591
300,868;148,082;143,13
300,166;148,082;143,13
300,166;147,921;143,13
300,166;147,921;143,13
300,166;147,921;143,13
300,166;147,921;142,591
300,166;147,921;143,13
300,166;147,921;142,591
299,816;147,921;143,13
300,166;147,76;143,13
300,166;147,76;143,13
300,166;147,76;143,13
300,166;147,76;143,13
300,166;147,76;143,13
300,166;147,76;143,13
300,166;147,76;143,13
300,166;147,76;142,591
300,166;147,76;143,13
300,166;147,76;143,13
300,166;147,76;143,13
299,816;147,76;143,13
300,166;147,76;143,13
299,816;147,6;143,13
300,166;147,439;143,13
299,816;147,6;143,13
300,166;147,439;143,13
299,465;147,439;143,13
299,816;147,278;143,13
299,465;147,118;143,668
300,166;147,118;143,668
300,166;147,118;143,668
300,166;147,118;144,207
300,166;146,636;144,207
300,166;146,636;144,207
300,166;146,475;144,207
300,166;146,475;144,207
300,166;146,475;144,207
300,166;146,475;144,746
300,166;146,475;144,207
300,517;146,154;144,746
300,166;146,314;144,207
300,166;146,314;144,746
300,166;146,154;144,207
300,517;146,154;144,207
300,166;146,154;144,207
300,868;146,154;144,207
300,166;146,154;144,746
300,166;146,154;144,746
300,166;146,154;144,746
300,166;146,154;144,746
300,166;145,993;144,746
300,166;145,993;144,746
299,816;145,832;144,746
300,166;145,832;145,285
300,166;145,672;145,285
300,166;145,511;145,285
300,166;145,511;145,285
300,166;145,35;145,285
300,166;145,19;145,285
300,166;145,19;145,285
300,166;145,029;145,824
300,166;144,869;145,824
300,166;145,029;146,362
300,166;144,869;145,824
300,166;144,869;145,824
300,517;144,869;145,824
300,166;144,869;146,362
300,166;144,869;146,362
300,166;144,869;145,824
300,166;144,869;146,362
300,166;144,869;146,362
300,166;144,708;146,362
299,816;144,869;145,824
300,166;144,869;146,362
299,816;144,869;145,824
299,816;144,708;145,824
299,465;144,708;145,824
299,816;144,869;145,824
299,465;144,708;145,824
299,465;144,869;145,824
299,816;144,708;145,824
299,465;144,869;145,824
299,816;144,708;146,362
299,816;144,708;145,824
299,816;144,708;145,285
299,465;144,708;145,824
299,465;144,708;145,824
300,517;144,547;145,824
300,166;144,869;145,824
300,166;144,547;146,362
300,166;144,547;145,824
300,517;144,547;145,824
300,166;144,547;145,824
300,166;144,547;146,362
300,166;144,547;146,362
300,166;144,387;146,362
300,517;144,065;146,362
300,166;144,065;146,901
300,166;143,905;146,901
300,868;143,744;146,901
300,517;143,583;146,901
300,517;143,583;147,44
300,868;143,583;146,901
300,868;143,423;147,44
300,868;143,423;147,44
301,219;143,423;147,44
300,868;143,423;147,44
301,219;143,423;147,44
300,868;143,423;147,44
300,868;143,423;147,44
300,868;143,262;147,44
300,868;143,423;147,44
301,219;143,262;147,44
300,868;143,423;147,44
301,219;143,262;147,44
300,868;143,262;147,44
300,868;143,423;147,44
300,868;143,262;147,44
300,868;143,423;147,44
300,868;143,423;147,44
300,868;143,262;147,44
300,868;143,262;147,44
300,868;143,262;147,44
300,868;143,262;147,44
300,517;143,262;147,44
300,868;143,262;147,44
302,271;143,262;147,44
302,271;143,262;147,44
301,569;143,262;147,44
302,271;143,262;147,44
302,271;143,262;146,901
302,271;143,262;147,44
302,271;143,262;147,44
302,271;143,262;147,44
302,271;143,262;147,44
302,973;143,262;147,44
302,973;142,941;147,44
302,973;142,941;147,44
302,973;142,78;147,44
302,973;142,941;147,44
302,973;142,78;147,44
303,674;142,78;147,44
302,973;142,619;147,44
302,973;142,619;147,979
302,973;142,619;147,979
303,323;142,459;147,979
302,973;142,459;147,979
302,973;142,298;148,518
303,323;142,298;148,518
302,973;142,298;148,518
302,973;141,977;148,518
303,323;141,977;148,518
303,323;141,977;148,518
303,674;141,977;149,057
303,323;141,977;148,518
303,323;141,977;149,057
303,323;141,977;148,518
303,323;141,977;149,057
303,323;141,655;149,057
303,323;141,495;149,595
302,973;141,495;149,057
302,973;141,495;149,595
303,323;141,334;149,595
303,323;141,334;149,595
302,973;141,334;149,595
303,323;141,174;149,595
302,973;141,334;149,595
303,323;141,174;149,595
303,323;141,174;149,595
303,323;141,174;149,595
302,973;141,013;149,595
303,674;141,013;149,595
303,323;141,013;149,595
303,323;141,013;149,595
302,973;141,013;149,595
303,323;140,852;149,595
302,973;141,013;149,595
303,323;140,692;149,595
303,323;140,852;149,595
302,973;140,692;149,595
304,025;140,692;149,595
304,025;140,692;150,134
304,376;140,692;149,595
304,025;140,692;150,134
304,025;140,692;150,134
304,025;140,692;150,134
304,025;140,531;150,134
304,025;140,531;150,673
304,025;140,531;150,134
304,376;140,37;150,134
303,674;140,37;150,673
304,025;140,37;150,673
304,025;140,37;150,673
304,025;140,37;150,673
304,376;140,21;150,673
304,376;140,21;150,673
304,376;140,049;151,212
304,376;140,049;150,673
304,376;140,049;151,212
304,376;140,049;151,212
304,025;139,888;151,212
304,025;140,049;151,212
304,025;139,888;151,212
304,376;139,728;151,212
304,025;139,888;151,212
304,025;139,728;151,212
303,674;139,888;151,212
304,025;139,728;151,212
304,025;139,728;151,212
304,025;139,728;151,212
304,025;139,728;151,212
303,674;139,728;151,212
303,674;139,728;151,212
304,025;139,728;151,212
303,674;139,728;151,212
304,025;139,567;151,212
303,674;139,728;151,212
303,674;139,728;151,212
303,674;139,728;151,212
303,674;139,728;151,212
303,674;139,728;151,212
303,674;139,728;151,212
303,674;139,567;151,212
303,674;139,728;151,212
303,674;139,567;151,212
303,674;139,567;151,212
303,674;139,728;151,212
303,674;139,728;151,212
302,973;139,567;151,212
303,323;139,567;151,212
303,674;139,567;151,212
303,323;139,567;151,212
303,323;139,567;151,212
303,323;139,406;151,212
303,674;139,406;151,212
303,674;139,406;151,212
303,674;139,406;151,751
303,674;139,085;151,751
303,674;139,085;151,751
304,025;138,924;151,751
303,674;138,764;151,751
303,674;138,603;152,289
304,025;138,603;152,289
304,025;138,442;152,289
304,025;138,442;152,289
304,025;138,442;152,828
304,025;138,603;152,289
304,025;138,442;152,289
303,674;138,442;152,289
304,025;138,442;152,828
303,674;138,282;152,289
303,674;138,442;152,289
303,674;138,442;152,289
303,674;138,442;152,289
303,674;138,442;152,289
303,674;138,442;152,289
303,674;138,442;151,751
304,025;138,442;152,289
303,674;138,442;152,289
303,674;138,442;152,289
303,674;138,442;152,289
303,674;138,442;152,289
303,674;138,442;151,751
303,674;138,442;151,751
303,674;138,442;152,289
303,674;138,442;151,751
303,674;138,442;152,289
303,674;138,442;152,289
303,674;138,442;152,289
303,674;138,442;152,289
303,674;138,442;151,751
303,674;138,442;151,751
303,674;138,442;151,751
303,674;138,442;151,751
303,674;138,442;151,751
303,674;138,442;151,751
303,674;138,442;151,751
303,674;138,442;152,289
303,323;138,442;151,751
303,674;138,442;151,751
303,674;138,282;151,751
303,323;138,442;151,751
303,323;138,442;151,751
302,973;138,442;151,751
303,323;138,442;151,751
303,674;138,442;152,289
303,323;138,442;152,289
302,973;138,442;151,751
302,973;138,442;151,751
302,973;138,442;151,751
302,973;138,442;152,289
302,973;138,442;151,751
302,973;138,442;151,751
302,973;138,442;151,751
302,973;138,442;151,751
302,973;138,442;151,751
302,973;138,282;151,751
302,973;138,442;151,751
302,973;138,442;151,751
302,973;138,442;151,751
302,973;138,442;151,751
302,973;138,442;151,751
302,973;138,442;151,751
302,622;138,442;151,751
302,622;138,442;151,751
302,622;138,442;151,751
302,271;138,442;151,751
302,622;138,442;151,751
302,622;138,282;151,751
302,622;138,442;151,751
302,973;138,282;151,751
302,622;138,282;151,751
302,973;138,121;151,751
302,973;138,121;151,751
302,622;138,121;151,751
302,973;138,121;152,289
302,622;138,121;152,828
302,973;137,8;152,828
302,622;137,8;152,828
302,973;137,639;152,828
302,973;137,639;152,828
302,973;137,478;152,828
302,622;137,478;152,828
302,973;137,478;152,828
302,271;137,478;152,828
302,271;137,478;152,828
302,622;137,478;152,828
302,271;137,478;152,828
302,271;137,478;152,828
302,271;137,478;152,828
302,271;137,639;152,828
302,271;137,478;152,828
302,271;137,478;152,828
302,271;137,478;152,828
302,271;137,478;152,828
302,271;137,478;152,828
302,271;137,478;152,828
302,271;137,478;152,828
302,271;137,478;152,828
302,271;137,478;152,828
302,271;137,478;152,828
302,271;137,478;152,828
302,271;137,478;152,828
302,271;137,478;152,828
302,271;137,478;152,828
302,271;137,318;152,828
302,271;137,478;153,367
302,973;137,318;152,828
302,622;137,318;152,828
302,622;137,478;152,828
302,622;137,318;152,828
302,622;137,318;152,828
302,622;137,478;152,828
302,271;137,478;152,828
302,622;137,318;152,828
302,622;137,478;152,828
302,622;137,318;152,828
302,271;137,318;152,828
302,271;137,478;152,828
302,271;137,478;152,828
302,271;137,478;152,828
302,622;137,318;152,828
302,271;137,318;152,828
302,622;137,318;153,367
302,622;137,318;153,367
302,271;137,157;152,828
302,271;137,157;153,367
302,271;136,997;153,367
302,271;136,836;153,906
302,622;136,836;153,906
302,622;136,515;153,906
302,622;136,515;153,906
302,622;136,354;153,906
302,622;136,193;154,445
302,622;136,354;154,445
302,973;136,193;154,445
302,622;136,193;154,445
302,622;136,193;154,983
302,622;136,193;154,445
302,973;136,193;154,445
302,622;136,354;154,983
302,622;136,193;154,445
302,271;136,193;154,445
302,622;136,193;154,445
302,271;136,193;154,445
302,271;136,193;154,445
302,271;136,193;154,983
302,271;136,193;154,445
302,622;136,193;154,445
302,622;136,193;154,445
302,622;136,193;154,445
302,622;136,193;154,445
302,271;136,193;154,445
302,271;136,193;154,445
302,271;136,033;154,445
302,271;136,193;154,445
302,271;136,193;154,445
302,271;136,193;154,445
302,271;136,033;153,906
302,271;136,193;154,445
301,569;136,033;154,445
301,219;136,193;153,906
301,219;136,193;154,445
301,569;136,193;154,445
299,465;136,193;153,906
299,465;136,193;154,445
299,465;136,193;154,445
299,465;136,033;154,445
299,465;136,193;154,445
299,465;136,193;153,906
299,465;136,033;154,445
299,465;136,193;153,906
299,465;136,033;154,445
299,465;136,193;153,906
299,465;136,193;154,445
298,763;136,193;153,906
298,412;136,193;153,906
298,412;136,193;154,445
298,412;136,033;153,906
298,412;136,033;153,906
298,062;136,193;154,445
298,062;136,033;153,906
298,062;136,033;154,445
298,412;136,033;154,445
298,412;135,872;154,445
298,062;136,033;154,445
298,062;135,872;154,445
298,412;135,872;154,983
298,062;135,711;154,983
298,412;135,711;154,983
298,412;135,551;154,983
298,763;135,551;154,983
298,412;135,39;155,522
298,763;135,229;154,983
298,763;135,229;155,522
298,763;135,229;156,061
298,763;135,229;155,522
299,465;135,069;155,522
299,465;135,229;156,061
299,465;135,069;155,522
298,763;135,069;155,522
298,763;135,229;155,522
299,465;135,229;155,522
299,465;135,069;156,061
298,763;135,069;156,061
298,412;135,229;155,522
298,412;135,229;155,522
298,412;135,229;155,522
298,763;135,229;155,522
298,763;135,229;155,522
298,412;135,229;156,061
298,412;135,069;155,522
298,763;135,069;155,522
298,763;135,229;155,522
298,763;135,229;155,522
298,412;135,229;155,522
298,412;135,229;155,522
298,412;135,229;155,522
298,763;135,229;155,522
298,412;135,069;155,522
298,412;135,069;155,522
298,763;135,069;155,522
298,062;135,229;155,522
298,412;135,229;154,983
298,412;135,069;155,522
298,412;135,229;155,522
298,412;135,069;155,522
298,412;135,229;155,522
298,412;135,069;155,522
298,412;135,069;155,522
298,062;135,069;155,522
298,062;135,229;155,522
298,062;135,069;155,522
298,062;135,229;155,522
298,062;135,229;155,522
298,062;135,069;155,522
298,062;135,229;155,522
298,062;135,069;155,522
298,062;135,229;155,522
298,062;135,069;155,522
298,062;135,069;155,522
298,062;135,229;155,522
298,062;135,229;154,983
298,062;135,229;154,983
298,062;135,069;155,522
298,062;135,229;155,522
298,062;135,069;155,522
298,062;135,229;155,522
298,062;135,229;155,522
298,062;135,069;155,522
298,062;135,229;155,522
298,062;135,069;155,522
298,062;135,069;154,983
298,062;135,069;154,983
298,062;135,069;155,522
298,062;135,069;155,522
298,062;135,069;155,522
298,062;134,908;155,522
298,062;134,908;155,522
298,062;134,908;156,061
298,062;134,747;156,061
298,062;134,587;156,061
298,062;134,426;156,6
298,062;134,265;156,061
298,062;134,265;156,6
298,062;134,265;157,139
298,062;133,944;156,6
298,062;134,265;157,139
298,412;134,265;157,139
298,412;133,944;157,139
298,062;134,265;157,139
298,062;134,265;157,139
298,412;134,105;157,139
298,412;134,265;156,6
298,412;133,944;157,139
298,412;133,944;157,139
298,412;133,944;157,139
298,412;134,265;157,139
298,412;133,944;157,139
298,412;133,944;157,139
298,412;134,265;157,139
298,412;133,944;156,6
298,412;134,265;157,139
298,412;133,944;156,6
298,412;134,265;157,139
298,412;134,265;157,139
298,412;133,944;156,6
298,412;133,944;156,6
298,412;133,944;156,6
298,412;134,265;156,6
298,062;133,944;157,139
298,062;134,105;156,6
298,062;133,944;156,6
298,062;134,265;157,139
298,062;133,944;156,6
298,062;133,944;156,6
298,412;134,265;156,6
298,763;133,944;156,6
298,763;134,265;156,6
298,763;133,944;156,6
298,763;134,265;156,6
298,412;134,105;157,139
298,412;133,944;157,139
298,412;133,944;156,6
298,763;133,944;157,139
298,412;134,265;156,6
298,763;133,944;156,6
298,412;134,265;156,6
298,412;133,944;156,6
298,763;133,944;156,6
298,412;133,944;157,139
298,763;133,944;156,6
298,412;133,944;156,6
298,062;133,944;156,6
298,412;133,944;156,6
298,763;133,944;156,6
298,412;133,944;156,6
298,412;133,944;156,6
298,763;133,944;156,6
298,412;133,944;156,6
298,412;133,944;156,6
298,412;133,944;156,6
298,763;133,944;156,6
298,412;133,783;156,6
298,412;133,783;156,6
298,412;133,783;157,139
298,763;133,623;157,139
298,763;133,462;157,139
298,763;133,301;157,677
299,465;133,141;157,677
299,465;132,98;157,677
299,465;132,98;158,216
299,465;132,98;158,216
299,465;132,82;158,216
299,465;132,659;158,216
299,465;132,659;158,216
299,465;132,82;159,294
299,465;132,659;158,216
299,465;132,659;158,216
299,465;132,659;158,216
299,465;132,659;158,216
299,465;132,659;158,216
299,465;132,659;158,216
301,219;132,659;158,216
301,569;132,659;158,216
301,219;132,659;158,216
301,569;132,659;158,216
301,569;132,659;158,216
301,569;132,659;158,216
301,569;132,659;158,216
301,569;132,659;158,216
301,569;132,659;158,216
301,569;132,659;158,216
301,569;132,659;158,216
301,569;132,659;158,216
301,569;132,659;158,216
301,569;132,659;158,216
301,569;132,659;158,216
301,219;132,659;158,216
301,569;132,659;158,216
301,569;132,659;158,216
301,569;132,659;158,216
301,569;132,659;158,216
302,271;132,659;158,216
301,569;132,659;158,216
302,622;132,498;158,216
302,622;132,338;158,755
302,271;132,338;158,755
302,622;132,177;158,755
302,622;132,177;159,294
302,622;132,016;159,294
302,973;132,016;159,833
302,973;131,695;159,833
302,973;131,695;159,833
302,973;131,695;159,833
303,323;131,695;159,833
303,323;131,695;159,833
303,323;131,695;160,372
303,323;131,695;160,372
303,323;131,695;159,833
303,323;131,695;160,372
302,973;131,695;159,833
303,323;131,695;159,833
303,323;131,695;160,372
303,323;131,695;160,372
302,973;131,695;159,833
302,973;131,695;160,372
302,973;131,695;159,833
302,973;131,695;159,833
302,973;131,695;159,833
302,973;131,695;159,833
302,973;131,374;160,372
303,674;131,695;159,833
303,674;131,534;159,833
303,674;131,695;159,833
303,674;131,695;159,833
303,674;131,695;159,833
303,323;131,695;159,833
303,674;131,695;159,833
303,674;131,695;159,833
303,674;131,374;159,833
303,674;131,695;159,833
303,674;131,695;159,833
303,674;131,695;159,833
303,674;131,695;159,833
303,674;131,695;159,833
303,674;131,695;159,833
303,674;131,695;159,833
303,674;131,695;159,833
303,674;131,695;159,833
303,674;131,695;159,833
303,674;131,695;159,833
303,323;131,695;159,833
303,674;131,695;159,833
303,674;131,695;159,833
303,674;131,695;159,833
303,674;131,695;159,833
303,674;131,695;159,833
303,323;131,695;159,833
303,674;131,695;159,833
303,674;131,695;159,833
303,323;131,695;159,833
303,323;131,695;159,833
303,323;131,695;159,833
303,323;131,374;159,833
303,674;131,695;159,833
303,323;131,695;159,833
303,323;131,695;159,833
303,323;131,695;159,833
303,323;131,695;159,833
303,323;131,695;159,833
303,323;131,695;159,833
303,323;131,695;159,833
303,323;131,374;159,833
303,323;131,695;159,833
303,674;131,374;159,833
302,973;131,695;159,833
303,674;131,695;159,833
303,323;131,695;159,833
302,973;131,695;159,833
302,973;131,695;159,833
302,973;131,695;159,833
302,973;131,695;159,833
303,323;131,374;159,833
303,323;131,374;159,833
302,973;131,695;159,833
303,323;131,374;159,833
302,973;131,695;159,833
302,973;131,534;159,833
302,973;131,534;159,833
302,973;131,374;159,833
302,973;131,695;159,833
303,323;131,374;159,833
302,973;131,374;159,833
302,973;131,374;159,833
303,323;131,374;159,833
302,973;131,374;159,833
302,973;131,374;159,833
302,973;131,213;159,833
302,973;131,052;160,372
302,973;131,052;160,372
303,674;130,892;160,372
302,973;130,731;160,91
303,323;130,731;160,91
303,674;130,57;160,372
303,674;130,57;160,91
303,674;130,57;161,449
303,674;130,57;160,91
303,674;130,57;160,91
303,674;130,57;161,449
303,674;130,57;160,91
303,674;130,41;160,91
303,674;130,41;160,91
303,674;130,41;160,91
303,674;130,57;160,91
303,674;130,57;160,91
303,674;130,57;160,91
303,674;130,57;160,91
303,674;130,41;160,91
303,323;130,57;160,91
303,674;130,41;160,91
303,674;130,57;160,91
303,674;130,41;160,91
303,674;130,57;160,91
303,674;130,57;160,91
303,674;130,57;160,91
303,323;130,41;160,91
302,973;130,57;160,91
303,674;130,57;160,91
303,323;130,41;160,91
303,674;130,57;160,91
303,323;130,41;160,91
303,323;130,57;160,91
303,674;130,57;160,91
303,674;130,57;160,91
303,323;130,57;160,91
303,323;130,57;160,91
303,323;130,57;160,91
302,973;130,57;160,91
302,973;130,57;160,91
303,323;130,41;160,372
302,973;130,57;160,91
303,323;130,41;160,372
303,323;130,57;160,372
303,323;130,41;160,91
303,323;130,41;160,372
302,973;130,41;160,91
302,973;130,41;160,372
303,323;130,41;160,372
302,973;130,57;160,372
303,323;130,41;160,91
302,973;130,41;160,91
302,973;130,57;160,91
303,323;130,41;160,91
302,973;130,41;160,91
302,973;130,249;161,449
303,323;130,088;161,449
303,674;129,928;161,449
303,674;129,767;161,988
303,674;129,606;162,527
303,674;129,285;162,527
303,674;129,285;163,066
303,674;129,124;163,066
303,674;129,124;163,066
304,025;129,124;163,604
304,025;129,124;163,604
304,025;129,124;163,066
304,025;129,124;163,604
304,025;129,124;163,604
304,376;129,124;163,066
304,025;129,124;163,604
303,674;129,124;163,604
304,025;129,124;163,604
304,025;128,964;163,604
304,025;129,124;163,604
304,025;128,803;163,604
304,025;129,124;163,066
304,025;129,124;163,604
304,025;129,124;163,066
304,025;129,124;163,066
303,674;129,124;163,604
303,674;129,124;163,066
304,025;129,124;163,604
303,674;129,124;163,066
303,674;129,124;163,066
303,674;129,124;163,066
304,025;129,124;163,066
303,674;129,124;163,066
303,674;128,803;163,066
303,674;129,124;163,066
304,025;129,124;163,604
304,025;129,124;163,066
304,025;129,124;163,066
303,674;129,124;163,066
303,674;129,124;162,527
303,674;129,124;163,066
303,674;129,124;162,527
303,674;128,803;163,066
303,674;129,124;162,527
303,674;128,803;163,066
303,674;129,124;163,066
303,674;129,124;163,066
303,674;129,124;163,066
303,674;129,124;163,066
303,674;129,124;163,066
303,674;129,124;162,527
303,674;129,124;163,066
303,674;129,124;163,066
303,674;128,803;163,066
303,674;129,124;163,066
303,674;128,803;163,066
303,323;129,124;163,066
303,674;128,803;163,066
303,674;129,124;163,066
303,674;128,803;163,066
303,674;128,964;162,527
303,674;128,803;162,527
303,674;129,124;163,066
303,674;129,124;162,527
303,674;128,803;162,527
303,674;129,124;163,066
303,674;128,803;163,066
303,674;128,803;162,527
303,674;128,803;163,066
303,323;128,803;163,066
303,674;128,803;163,066
303,674;128,803;163,066
303,674;128,803;163,066
303,674;128,803;163,066
303,323;128,643;163,066
303,674;128,482;163,604
303,674;128,321;164,143
303,674;128,161;164,143
303,674;128,161;164,143
304,025;127,839;164,682
303,674;127,839;164,682
303,674;127,839;164,682
304,025;127,839;164,682
304,025;127,839;164,682
304,025;127,839;164,682
304,025;127,839;164,682
303,674;127,839;164,682
304,025;127,839;164,682
304,025;127,839;164,682
304,025;127,839;164,682
304,376;127,839;164,682
304,025;127,839;164,682
304,025;127,839;164,682
304,025;127,839;164,682
303,674;127,839;164,682
304,025;127,839;164,682
304,025;127,839;164,682
303,674;127,839;164,682
304,025;127,839;164,682
304,025;127,839;164,682
303,674;127,839;164,682
304,025;127,839;164,682
303,674;127,839;164,682
304,025;127,839;164,682
303,674;127,839;164,682
303,674;127,839;164,682
303,674;127,839;164,682
303,674;127,839;164,682
303,674;127,839;164,682
304,025;127,839;164,682
303,674;127,839;164,682
303,674;127,839;164,682
303,674;127,839;164,682
303,674;127,839;164,682
303,674;127,839;164,682
303,674;127,839;164,682
303,674;127,839;164,682
303,674;127,839;164,682
303,674;127,839;164,143
303,674;127,839;164,682
303,674;127,839;164,143
303,674;127,839;164,143
303,674;127,839;164,143
303,674;127,839;164,682
303,674;127,839;164,682
303,674;127,839;164,682
303,674;127,839;164,682
303,323;127,839;164,682
303,674;127,839;164,682
303,674;127,839;164,143
303,674;127,839;164,682
303,674;127,839;164,143
303,674;127,839;164,143
303,674;127,839;164,682
303,674;127,839;164,682
303,323;127,839;164,143
303,674;127,839;164,682
303,674;127,839;164,143
303,674;127,839;164,682
303,323;127,839;164,143
303,674;127,839;164,143
303,323;127,839;164,143
303,323;127,839;164,143
303,323;127,839;164,143
303,323;127,839;164,682
303,674;127,839;164,143
303,323;127,839;164,682
303,323;127,839;164,143
303,323;127,839;164,143
303,323;127,839;164,682
302,973;127,839;164,682
303,323;127,839;164,143
303,323;127,839;164,682
303,323;127,518;164,682
303,323;127,357;164,682
303,323;127,357;164,682
303,674;127,036;165,221
303,674;126,875;165,76
303,674;126,715;165,76
303,674;126,715;166,298
303,674;126,554;165,76
303,674;126,554;166,298
303,674;126,554;166,837
304,025;126,554;166,298
304,025;126,554;166,298
304,025;126,554;166,837
304,376;126,554;166,298
304,025;126,554;166,837
304,025;126,554;166,837
304,025;126,554;166,837
304,025;126,554;166,837
304,025;126,554;166,837
304,025;126,554;166,837
304,376;126,554;166,837
304,025;126,554;166,837
304,025;126,554;166,298
304,025;126,554;166,298
303,674;126,554;166,298
304,025;126,554;166,298
303,674;126,554;166,298
303,674;126,554;166,837
304,025;126,554;166,298
303,674;126,554;166,298
303,674;126,554;166,298
303,674;126,554;166,298
303,674;126,554;166,298
303,674;126,554;166,298
303,674;126,554;166,298
303,674;126,554;166,837
303,674;126,233;166,837
303,674;126,554;166,837
303,674;126,233;166,837
303,674;126,233;166,837
303,674;126,072;166,837
304,025;125,751;166,837
304,025;125,751;167,915
304,025;125,59;167,915
304,376;125,269;167,915
304,376;125,269;168,454
304,376;125,269;168,454
304,376;125,269;168,454
304,376;125,269;168,454
304,376;125,269;168,454
304,376;125,108;168,454
304,376;125,269;168,454
304,376;125,269;168,454
304,726;124,948;168,454
304,376;125,108;168,454
304,376;125,108;168,454
304,376;125,108;168,454
304,376;125,108;168,454
304,376;125,269;168,454
304,376;125,108;168,454
304,376;125,108;168,454
304,376;125,269;168,454
304,376;125,269;168,454
304,376;125,269;168,454
304,376;125,108;168,454
304,376;125,269;168,454
304,376;125,269;168,454
304,376;125,269;168,454
304,376;125,108;168,454
304,376;125,108;168,454
304,376;125,108;168,454
304,376;125,269;168,454
304,376;125,108;168,454
304,376;125,108;168,454
304,376;125,269;168,454
304,376;125,108;168,454
304,376;125,269;168,454
304,376;125,108;168,454
304,376;125,269;168,454
304,376;125,108;168,454
304,025;125,269;168,454
304,376;125,108;168,454
304,025;125,269;168,454
304,376;125,108;168,454
304,025;125,269;168,454
304,025;125,269;168,454
304,025;125,108;168,454
304,025;125,269;167,915
304,025;125,108;167,915
304,025;125,269;167,915
304,025;124,948;168,454
304,025;125,108;167,915
304,025;125,108;168,454
304,025;125,108;167,915
304,025;125,108;168,454
304,025;125,108;168,454
304,025;125,108;167,915
304,025;125,108;168,454
304,025;125,108;168,454
303,674;125,108;167,915
304,025;125,108;167,915
304,025;125,108;168,454
303,674;125,269;168,454
304,025;125,108;167,915
303,674;125,108;167,915
303,674;125,269;168,454
303,674;125,269;167,915
303,674;125,108;167,915
303,674;125,269;167,915
303,674;125,108;167,915
303,674;125,108;167,915
303,674;125,108;167,915
303,674;125,269;168,454
303,674;125,108;167,915
303,674;124,948;168,454
303,674;124,948;167,915
303,674;124,948;168,454
303,674;125,108;167,915
303,674;124,948;168,454
303,674;125,108;168,454
303,674;124,948;168,454
303,674;124,948;168,454
303,674;124,948;168,454
303,674;124,626;168,454
303,674;124,626;168,992
304,025;124,305;168,992
304,025;124,144;168,992
304,025;123,984;170,07
304,025;123,984;170,07
304,376;123,984;170,07
304,376;123,984;170,07
304,376;123,984;170,07
305,077;123,984;170,07
304,376;123,984;170,07
304,376;123,662;170,07
304,376;123,984;170,07
304,376;123,662;170,07
304,376;123,984;170,07
304,376;123,662;170,07
304,376;123,823;170,07
304,376;123,984;170,07
304,376;123,984;170,07
304,376;123,984;170,07
304,376;123,984;170,07
304,376;123,984;170,07
304,376;123,984;170,07
304,376;123,984;170,07
304,376;123,984;170,07
304,376;123,984;170,07
304,376;123,662;170,07
304,376;123,984;170,07
304,376;123,662;170,07
304,376;123,823;170,07
304,376;123,823;170,07
304,376;123,984;170,07
304,376;123,984;170,07
304,025;123,984;170,07
304,376;123,984;170,07
304,025;123,984;170,07
304,025;123,984;170,07
304,025;123,662;170,07
304,025;123,984;170,07
304,025;123,662;170,07
304,025;123,662;170,07
304,025;123,662;170,07
304,025;123,823;170,07
304,025;123,662;170,07
304,025;123,984;170,07
304,025;123,662;170,07
304,025;123,984;170,07
304,025;123,662;170,07
304,025;123,662;170,07
304,376;123,662;170,07
304,025;123,662;170,07
304,025;123,502;170,07
303,674;123,341;170,07
304,025;123,341;170,609
304,025;123,18;171,148
304,025;123,02;171,148
304,376;122,859;171,148
304,376;122,859;171,687
304,376;122,698;172,225
304,376;122,698;172,225
304,376;122,698;172,225
304,376;122,698;172,225
305,077;122,698;171,687
304,376;122,698;171,687
305,077;122,698;172,225
305,077;122,698;171,687
304,376;122,698;171,687
304,376;122,698;171,687
305,077;122,698;171,687
304,376;122,698;171,687
304,376;122,698;172,225
305,077;122,698;171,687
304,376;122,698;171,687
304,376;122,698;171,687
304,376;122,698;171,687
304,376;122,698;171,687
304,376;122,698;171,687
304,376;122,698;171,687
304,376;122,698;171,687
304,376;122,698;171,687
304,376;122,698;171,148
304,376;122,698;171,687
304,376;122,698;171,687
304,376;122,698;171,687
304,376;122,698;171,687
304,376;122,698;171,687
304,376;122,698;171,148
304,376;122,698;171,687
304,376;122,698;171,687
304,376;122,538;171,148
304,376;122,698;171,687
304,025;122,698;171,687
304,025;122,698;171,687
304,376;122,538;171,687
304,025;122,698;171,687
304,376;122,698;171,687
304,376;122,698;171,148
304,376;122,698;171,687
304,025;122,698;171,687
304,025;122,698;171,687
304,376;122,698;171,687
304,025;122,377;171,687
304,376;122,377;171,687
304,376;122,216;172,225
304,376;122,056;172,225
304,376;121,895;172,764
304,376;121,734;172,764
304,376;121,734;173,303
304,376;121,734;173,303
304,376;121,734;173,303
304,376;121,734;173,303
304,376;121,734;173,303
305,077;121,574;173,303
304,376;121,574;173,303
304,726;121,734;173,303
304,376;121,734;173,303
304,376;121,734;173,303
304,376;121,734;172,764
304,376;121,734;173,303
304,376;121,734;173,303
305,077;121,734;173,303
304,376;121,734;173,303
304,376;121,734;172,764
304,376;121,574;173,303
304,376;121,734;173,303
304,376;121,574;173,303
304,376;121,574;172,764
304,376;121,734;173,303
304,376;121,734;173,303
304,376;121,574;173,303
304,376;121,734;172,764
304,376;121,734;173,303
304,376;121,574;173,303
304,376;121,734;173,303
304,376;121,574;173,303
304,376;121,574;173,303
304,376;121,413;173,303
304,025;121,413;173,303
304,376;121,413;173,303
304,376;121,413;173,303
304,376;121,092;174,381
304,376;121,092;173,842
305,077;120,931;174,381
305,077;120,61;174,919
305,077;120,449;175,458
305,077;120,289;175,458
305,077;120,128;175,997
305,077;119,807;176,536
305,077;119,807;176,536
305,428;119,807;176,536
305,428;119,807;176,536
305,428;119,807;176,536
305,077;119,807;176,536
305,428;119,807;176,536
305,428;119,967;176,536
305,428;119,807;176,536
305,428;119,807;175,997
305,428;119,807;176,536
305,428;119,807;176,536
305,428;119,807;175,997
305,428;119,807;176,536
305,077;119,967;176,536
305,077;119,807;176,536
305,077;119,807;175,997
305,077;119,807;176,536
305,077;119,807;175,997
305,428;119,807;175,997
305,077;119,807;176,536
305,077;119,646;175,997
305,077;119,807;175,997
305,077;119,807;176,536
305,077;119,807;175,997
305,077;119,807;176,536
305,077;119,807;175,997
305,077;119,807;176,536
305,077;119,807;175,997
305,077;119,807;175,997
305,077;119,807;175,997
305,077;119,807;175,997
305,077;119,807;175,997
305,077;119,807;175,997
305,077;119,807;175,458
305,077;119,807;175,997
305,077;119,807;175,997
305,077;119,807;175,458
305,077;119,646;175,997
305,077;119,807;176,536
305,077;119,485;176,536
305,077;119,485;176,536
305,077;119,325;177,075
305,077;119,003;177,613
305,077;118,843;177,613
305,077;118,521;178,691
305,779;118,2;179,23
305,779;117,879;179,769
305,779;117,879;179,769
306,13;117,879;179,769
305,779;117,879;179,769
306,13;117,879;179,769
306,13;117,879;179,769
306,13;117,879;179,769
306,13;117,879;179,769
306,13;117,879;179,769
306,13;117,879;179,769
306,13;117,879;179,769
306,13;117,879;179,769
306,13;117,879;179,769
305,779;117,879;179,769
305,779;117,879;179,23
305,779;117,879;179,769
306,13;117,879;179,769
306,13;117,879;179,23
305,779;117,879;179,769
305,779;117,879;179,23
305,779;117,879;179,23
305,779;117,879;179,23
305,779;117,718;179,23
305,779;117,879;179,23
305,779;117,879;179,23
305,779;117,879;179,23
305,779;117,879;179,23
305,779;117,879;179,23
305,779;117,879;179,23
305,428;117,879;179,769
305,779;117,879;178,691
305,779;117,879;179,23
305,428;117,879;179,23
305,779;117,718;179,23
305,428;117,879;179,23
305,428;117,879;179,23
305,779;117,879;179,23
305,428;117,879;179,23
305,428;117,879;179,23
305,428;117,879;178,691
305,428;117,879;179,23
305,428;117,879;178,691
305,428;117,879;178,691
305,428;117,879;179,23
305,428;117,879;178,691
305,077;117,879;178,691
305,077;117,879;178,691
305,077;117,879;178,691
305,077;117,718;179,23
305,077;117,879;179,23
305,428;117,718;178,691
305,077;117,879;178,691
305,077;117,879;178,691
305,077;117,879;179,23
305,077;117,879;178,691
305,077;117,879;179,23
305,077;117,879;178,691
305,077;117,879;179,23
305,077;117,879;179,23
305,077;117,718;178,691
305,077;117,879;179,23
305,077;117,718;178,691
305,077;117,718;179,23
305,077;117,718;179,23
305,077;117,557;179,23
305,077;117,557;179,769
305,077;117,557;179,769
305,077;117,236;179,769
305,077;117,075;180,846
305,428;116,754;180,846
305,428;116,754;180,846
305,779;116,754;181,385
305,428;116,594;181,385
305,428;116,594;180,846
305,779;116,594;181,385
305,779;116,594;181,385
305,779;116,594;181,385
305,779;116,754;181,385
305,779;116,594;181,385
305,779;116,594;181,385
305,779;116,594;181,385
305,779;116,594;181,385
305,779;116,594;180,846
305,428;116,594;181,385
305,428;116,594;181,385
305,779;116,594;181,385
305,428;116,594;181,385
305,428;116,594;181,385
305,428;116,594;181,385
305,428;116,594;181,385
305,428;116,594;180,846
305,077;116,594;180,846
305,077;116,594;180,846
305,428;116,594;180,846
305,077;116,594;181,385
305,428;116,594;180,846
305,077;116,594;181,385
305,077;116,594;180,846
305,077;116,754;180,846
305,077;116,594;180,846
305,077;116,594;180,846
305,077;116,594;180,846
305,077;116,594;180,846
305,077;116,594;180,846
305,077;116,594;180,846
305,077;116,594;181,385
305,077;116,594;180,846
305,077;116,594;180,846
305,077;116,594;180,846
305,077;116,594;180,846
305,077;116,594;180,846
305,077;116,594;181,385
305,077;116,594;180,846
305,077;116,594;180,846
305,077;116,594;180,846
305,077;116,433;181,385
305,077;116,594;180,846
305,077;116,594;180,846
305,077;116,433;181,385
305,077;116,272;181,385
305,077;116,272;181,385
305,077;116,272;181,385
305,077;116,272;181,924
305,077;116,272;181,924
305,077;115,951;181,924
305,077;115,951;181,924
305,077;115,79;182,463
305,077;115,79;182,463
305,077;115,79;181,924
305,077;115,79;182,463
305,077;115,63;181,924
305,077;115,79;181,924
305,077;115,79;181,924
305,077;115,79;181,924
305,077;115,79;181,924
305,077;115,79;181,924
305,077;115,79;181,924
305,077;115,79;181,924
305,077;115,79;181,924
305,077;115,79;181,924
305,077;115,79;181,924
305,077;115,79;181,924
305,077;115,951;181,924
305,077;115,79;181,924
305,077;115,79;181,924
305,077;115,79;182,463
305,077;115,79;181,924
305,077;115,79;181,924
305,077;115,79;181,924
305,077;115,79;181,924
305,077;115,79;181,924
305,077;115,79;181,924
305,077;115,79;181,924
305,077;115,79;181,924
305,077;115,79;181,924
305,077;115,79;181,924
304,376;115,79;181,924
305,077;115,79;181,924
304,376;115,79;181,924
305,077;115,79;181,924
305,077;115,79;181,924
304,376;115,79;181,924
305,077;115,79;181,924
304,376;115,79;181,924
304,376;115,79;181,924
304,376;115,79;181,924
304,376;115,79;181,924
304,376;115,79;181,924
304,376;115,79;181,924
304,376;115,79;181,924
304,376;115,79;181,924
304,376;115,63;181,924
304,376;115,79;181,924
304,376;115,79;181,924
304,376;115,79;181,924
304,025;115,79;181,924
304,376;115,79;181,924
304,376;115,79;181,924
304,376;115,79;181,924
304,376;115,79;181,385
304,376;115,79;181,924
304,376;115,79;181,385
304,025;115,63;181,924
304,025;115,79;181,924
304,376;115,79;181,924
304,025;115,79;181,924
304,025;115,79;181,924
304,025;115,79;181,924
304,025;115,79;181,924
304,025;115,63;181,924
304,025;115,63;181,924
304,025;115,469;181,924
304,025;115,469;181,924
304,376;115,308;182,463
304,025;115,148;183,002
304,376;114,987;183,002
304,376;114,987;183,54
304,376;114,826;184,079
304,376;114,666;183,54
304,376;114,666;184,079
305,077;114,666;183,54
305,077;114,666;184,079
304,376;114,666;184,079
305,077;114,666;184,079
305,077;114,666;184,079
304,376;114,666;184,079
305,077;114,666;184,079
304,376;114,826;183,54
304,376;114,666;184,079
304,376;114,666;184,079
304,376;114,666;184,079
304,376;114,826;184,079
304,376;114,666;183,54
304,376;114,666;184,079
304,376;114,666;183,54
304,376;114,666;183,54
304,376;114,666;183,54
304,376;114,666;183,54
304,376;114,666;183,54
304,376;114,666;183,54
304,376;114,666;183,54
304,376;114,666;183,54
304,376;114,666;183,54
304,376;114,666;183,54
304,376;114,666;183,54
304,025;114,666;183,54
304,376;114,666;183,54
304,376;114,666;183,002
304,376;114,666;183,54
304,025;114,666;183,54
304,376;114,666;183,54
304,025;114,666;183,54
304,025;114,666;183,54
304,025;114,666;183,54
304,376;114,666;183,54
304,025;114,826;183,54
304,376;114,666;183,54
304,025;114,666;183,54
304,025;114,666;183,54
304,376;114,666;183,54
304,025;114,666;183,54
304,025;114,666;183,54
304,025;114,666;183,54
304,025;114,666;183,54
304,025;114,666;183,54
304,376;114,344;184,079
304,025;114,344;184,079
304,376;114,344;184,079
304,376;114,184;184,079
304,376;114,023;185,157
304,376;114,023;185,157
304,376;113,862;185,696
304,376;113,702;185,696
305,077;113,702;185,696
305,077;113,702;185,696
304,376;113,702;185,696
305,077;113,702;185,696
305,077;113,702;185,696
305,077;113,702;186,234
305,077;113,702;185,696
305,077;113,702;185,696
305,077;113,702;185,696
305,077;113,702;185,696
304,376;113,702;185,696
305,077;113,702;185,696
305,077;113,702;185,696
304,376;113,702;185,696
305,077;113,702;185,696
304,726;113,702;185,696
304,376;113,702;185,696
304,376;113,702;185,696
304,376;113,702;185,696
304,376;113,702;185,696
304,376;113,702;185,696
304,376;113,702;185,696
304,376;113,702;185,696
304,376;113,702;185,696
304,376;113,702;185,696
304,376;113,702;185,696
304,376;113,702;185,696
304,376;113,702;185,696
304,376;113,702;185,696
304,376;113,702;185,696
304,376;113,702;185,696
304,376;113,702;185,696
304,376;113,702;185,696
304,376;113,702;185,696
304,376;113,702;185,696
304,025;113,702;185,696
304,025;113,702;185,696
304,376;113,702;185,696
304,376;113,702;185,696
304,025;113,702;185,696
304,376;113,702;185,696
304,376;113,38;186,234
304,376;113,38;185,696
304,376;113,22;186,234
304,376;113,059;186,234
304,726;112,738;187,312
304,376;112,577;187,851
305,077;112,417;187,851
305,077;112,417;188,39
305,077;112,095;188,39
305,077;112,095;188,39
305,428;112,095;188,39
305,077;112,095;188,928
305,428;111,935;188,39
305,077;111,935;188,39
305,428;112,095;188,39
305,077;111,935;188,39
305,077;112,095;188,39
305,077;111,935;188,39
305,428;111,935;188,39
305,077;111,935;188,39
305,428;112,095;188,39
305,428;111,935;188,39
305,077;112,095;188,39
305,077;111,935;188,39
305,077;111,935;188,39
305,077;112,095;188,39
305,077;112,095;188,39
305,077;112,095;188,39
305,077;111,935;188,39
305,077;112,095;188,39
305,077;111,935;188,39
305,077;111,935;188,39
305,077;111,935;188,39
305,077;111,935;188,39
305,077;111,935;188,39
305,077;112,095;188,39
305,077;111,935;188,39
305,077;111,935;188,39
305,077;111,935;188,39
305,077;112,095;188,39
305,077;112,095;188,39
305,077;111,935;188,39
305,077;112,095;188,39
305,077;112,095;188,39
305,077;111,935;187,851
305,077;112,095;188,39
305,077;112,095;188,39
305,077;111,935;188,39
305,077;112,095;188,39
305,077;111,935;188,39
305,077;111,935;188,39
305,077;112,095;188,39
305,077;112,095;188,39
305,077;111,935;188,39
305,077;111,935;188,39
305,077;112,095;188,39
305,077;112,095;188,39
304,726;112,095;188,39
305,077;111,935;188,39
305,077;111,935;188,39
304,376;111,935;188,39
305,077;112,095;187,851
305,077;111,935;187,851
304,376;112,095;188,39
304,376;111,935;187,851
304,376;111,935;188,39
304,376;112,095;188,39
304,376;111,935;188,39
304,376;112,095;187,851
304,376;111,935;188,39
304,376;112,095;187,851
304,376;111,935;188,39
304,376;112,095;187,851
304,376;111,935;187,851
304,376;111,935;188,39
304,376;111,935;188,39
304,376;111,935;187,851
304,376;111,935;187,851
304,376;112,095;187,851
304,376;111,935;187,851
304,376;112,095;187,851
304,376;112,095;187,851
304,376;112,095;187,851
304,376;112,095;188,39
304,376;111,935;187,851
304,025;112,095;187,851
304,376;111,935;187,851
304,025;112,095;187,851
304,025;111,935;187,851
304,025;111,935;187,851
304,025;111,935;188,39
304,025;112,095;187,851
304,025;112,095;187,851
304,025;112,095;187,851
304,025;111,935;188,39
304,025;112,095;187,851
304,025;111,935;187,851
304,025;112,095;187,851
304,025;111,935;187,851
304,025;112,095;187,851
304,025;112,095;187,851
304,025;111,935;187,851
304,025;111,935;187,851
304,025;111,935;187,851
304,025;111,935;187,851
304,025;111,935;187,851
303,674;112,095;187,851
303,674;111,935;187,851
304,025;111,935;187,851
303,674;111,935;187,851
303,674;111,935;187,851
303,674;111,935;187,312
303,674;112,095;187,851
304,025;111,935;187,851
303,674;112,095;187,851
303,674;111,935;187,851
304,025;112,095;187,851
303,674;111,935;187,851
303,674;111,935;187,312
303,674;111,935;187,312
303,674;111,935;187,851
303,674;111,935;187,851
303,674;111,935;187,851
303,674;111,935;187,851
303,674;111,774;188,39
303,674;111,774;188,39
303,674;111,453;188,39
304,025;111,292;189,467
304,025;111,131;190,006
304,025;110,81;190,545
304,376;110,489;190,545
305,077;110,328;191,622
305,077;110,007;192,161
305,077;110,007;192,161
305,077;110,007;192,161
305,077;110,007;192,161
305,077;110,007;192,161
305,077;110,007;192,161
305,428;110,007;192,161
305,077;110,007;192,161
305,077;110,007;192,161
305,077;110,007;192,161
305,077;110,007;192,161
305,077;110,007;192,161
305,077;110,007;191,622
305,077;109,846;192,161
305,077;110,007;191,622
305,077;110,007;192,161
305,077;110,007;192,161
305,077;109,846;192,161
305,077;110,007;191,622
305,077;109,846;192,161
305,077;109,846;191,622
305,077;110,007;191,622
305,077;110,007;191,622
305,077;109,846;191,622
305,077;110,007;191,622
305,077;110,007;191,622
305,077;110,007;191,622
305,077;110,007;191,622
305,077;110,007;191,622
305,077;110,007;191,622
305,077;110,007;191,622
305,077;109,846;191,622
305,077;110,007;191,622
305,077;110,007;191,622
305,077;109,846;191,622
305,077;110,007;191,622
305,077;109,846;191,622
305,077;110,007;191,622
305,077;110,007;191,622
305,077;109,846;191,622
305,077;110,007;191,622
305,077;110,007;191,622
305,077;109,846;191,622
304,726;110,007;191,622
305,077;110,007;191,622
304,726;110,007;191,622
304,376;109,846;191,622
305,077;110,007;191,622
304,376;110,007;191,622
304,376;110,007;191,622
305,077;109,846;191,622
304,376;110,007;191,622
304,376;110,007;191,622
304,376;109,846;191,622
304,376;110,007;191,622
304,376;110,007;191,622
304,376;110,007;191,622
304,376;109,846;191,622
304,376;109,846;191,622
304,376;109,846;191,622
304,376;109,846;192,161
304,726;109,525;192,161
305,077;109,525;192,7
305,077;109,364;192,7
305,077;109,203;193,239
305,077;109,203;193,239
305,077;109,043;193,778
305,077;109,043;194,317
305,077;108,882;193,778
305,077;109,043;193,778
305,077;108,882;194,317
305,077;109,043;193,778
305,077;108,882;194,317
305,077;108,882;193,778
305,077;108,882;194,317
305,077;108,882;194,317
305,077;108,882;193,778
305,077;109,043;193,778
305,077;108,882;193,778
305,077;108,882;194,317
305,077;108,882;194,317
305,077;108,882;193,778
305,077;108,882;193,778
305,077;108,882;194,317
305,077;108,721;194,317
305,077;108,721;194,317
305,077;108,561;194,317
305,077;108,561;194,855
305,077;108,561;194,855
305,077;108,561;194,855
305,077;108,561;194,855
305,077;108,561;194,855
305,077;108,561;194,855
305,077;108,561;194,855
305,077;108,561;194,855
305,077;108,561;194,855
305,077;108,561;194,855
305,077;108,561;194,855
305,077;108,561;194,855
305,077;108,561;194,855
305,077;108,561;194,855
305,077;108,561;194,317
305,077;108,561;194,317
305,077;108,561;194,317
305,077;108,561;194,317
305,077;108,561;194,317
305,077;108,561;194,317
305,077;108,561;194,317
305,077;108,561;194,317
305,077;108,561;194,317
305,077;108,561;194,317
305,077;108,561;194,317
305,077;108,561;194,317
305,077;108,561;194,855
305,077;108,561;194,317
305,077;108,561;194,855
305,077;108,561;194,317
305,077;108,561;194,317
305,077;108,561;194,317
305,077;108,561;194,317
305,077;108,561;194,317
305,077;108,561;194,317
305,077;108,561;194,317
305,077;108,561;194,317
304,376;108,561;194,317
305,077;108,561;194,317
304,726;108,561;194,317
305,077;108,561;194,317
304,376;108,561;194,317
305,077;108,561;194,317
304,376;108,561;194,317
304,726;108,561;194,317
305,077;108,561;194,855
305,077;108,24;194,855
305,077;108,24;194,855
305,077;108,079;194,855
305,077;107,918;195,394
305,077;107,758;195,933
305,077;107,597;196,472
305,077;107,436;197,011
305,077;107,276;197,011
305,077;107,276;197,011
305,077;107,276;197,011
305,428;107,276;197,011
305,077;107,276;197,011
305,428;107,276;197,011
305,428;107,276;197,011
305,428;107,276;197,011
305,779;107,115;197,011
305,077;107,276;197,011
305,428;107,276;197,011
305,077;107,276;197,011
305,077;107,276;197,011
305,077;107,276;197,011
305,428;107,276;197,011
305,077;107,276;197,011
305,428;107,276;197,011
305,077;107,276;197,011
305,077;107,276;197,011
305,077;107,276;197,011
305,077;107,276;197,011
305,077;107,276;197,011
305,077;107,276;197,011
305,077;107,276;197,011
305,077;107,276;197,011
305,077;107,276;197,011
305,077;107,276;197,011
305,077;107,115;197,011
305,077;107,276;197,011
305,077;107,276;197,011
305,077;107,276;197,011
305,077;107,276;197,011
305,077;107,276;197,011
305,077;107,276;196,472
305,077;107,276;197,011
305,077;107,276;197,011
305,077;107,276;197,011
305,077;107,115;197,011
305,077;107,115;197,011
305,077;106,954;197,011
305,077;106,794;198,088
305,077;106,633;198,627
305,428;106,312;198,627
305,428;106,151;199,166
305,428;105,99;200,243
305,779;105,99;200,243
305,779;105,669;200,243
305,779;105,99;200,243
305,779;105,669;200,243
305,779;105,669;200,243
305,779;105,99;200,243
306,13;105,99;200,243
305,779;105,99;200,243
305,779;105,99;200,243
305,779;105,99;200,243
305,779;105,669;200,243
305,779;105,99;200,243
305,779;105,669;200,243
305,779;105,669;200,243
305,779;105,669;200,243
305,779;105,669;199,705
305,779;105,669;199,705
305,779;105,669;200,243
305,779;105,669;200,243
305,779;105,669;199,705
305,779;105,669;200,243
305,779;105,669;199,705
305,779;105,669;200,243
305,779;105,669;199,705
305,428;105,99;199,705
305,779;105,669;199,705
305,428;105,669;199,705
305,779;105,669;200,243
305,779;105,669;199,705
305,428;105,669;199,705
305,428;105,669;199,705
305,428;105,99;199,705
305,428;105,669;199,705
305,428;105,669;199,705
305,428;105,669;199,705
305,077;105,99;199,705
305,428;105,669;199,705
305,428;105,669;199,705
305,428;105,669;199,705
305,428;105,669;199,705
305,077;105,99;200,243
305,077;105,669;199,705
305,428;105,669;199,166
305,077;105,669;199,705
305,077;105,669;199,166
305,077;105,99;199,166
305,077;105,669;199,166
305,077;105,669;199,705
305,077;105,99;199,166
305,077;105,669;199,166
305,077;105,669;199,166
305,077;105,669;199,166
305,077;105,669;199,705
305,077;105,669;199,166
305,077;105,99;199,166
305,077;105,669;199,166
305,077;105,669;199,166
305,077;105,99;199,166
305,077;105,669;199,166
305,077;105,99;199,166
305,077;105,669;199,166
305,077;105,669;199,166
305,077;105,669;199,166
305,077;105,669;199,166
305,077;105,669;199,166
305,077;105,99;199,166
305,077;105,669;199,166
305,077;105,669;199,166
305,077;105,669;199,166
305,077;105,669;199,166
305,077;105,669;199,166
304,726;105,669;199,166
305,077;105,669;199,166
305,077;105,99;199,166
305,077;105,669;199,166
305,077;105,669;199,166
305,077;105,669;199,166
304,376;105,669;199,166
304,376;105,669;199,166
304,376;105,669;199,166
304,376;105,669;199,166
305,077;105,669;199,166
304,376;105,669;199,166
304,376;105,669;199,166
304,376;105,99;199,166
304,376;105,669;199,166
304,376;105,669;199,166
304,376;105,669;199,166
304,376;105,99;199,166
304,376;105,99;198,627
304,376;105,669;199,166
304,376;105,669;199,166
304,376;105,99;199,166
304,376;105,99;199,166
304,376;105,669;199,166
304,376;105,669;199,166
304,376;105,669;199,166
304,376;105,99;199,166
304,376;105,669;199,166
304,025;105,99;199,166
304,376;105,669;199,166
304,025;105,99;199,166
304,025;105,669;199,166
304,025;105,669;199,166
304,025;105,99;199,166
304,025;105,99;199,166
304,025;105,99;199,166
304,025;105,99;199,166
304,025;105,99;199,166
304,025;105,669;199,166
304,025;105,669;198,627
304,025;105,669;199,166
304,025;105,669;199,166
304,025;105,348;200,243
304,376;104,866;200,782
304,376;104,545;202,399
305,077;104,223;202,937
305,077;104,063;202,937
305,077;104,063;203,476
305,077;104,063;202,937
305,077;104,063;203,476
305,077;104,063;202,937
305,428;104,063;202,937
305,428;104,063;202,937
305,428;104,063;203,476
305,077;104,063;202,937
305,077;104,063;202,937
305,077;104,063;202,937
305,428;104,063;202,937
305,077;104,063;202,937
305,428;104,063;202,937
305,077;104,063;202,937
305,077;104,063;202,937
305,077;104,063;202,937
305,077;104,063;202,937
305,077;104,063;202,937
305,077;104,063;202,937
305,077;104,063;202,937
305,077;104,063;202,937
305,077;104,063;202,937
305,077;104,063;202,937
305,077;104,063;202,937
305,077;104,063;202,937
305,077;104,063;202,937
305,077;104,063;202,937
305,077;104,063;202,937
305,077;104,063;202,937
305,077;104,063;202,937
305,077;104,063;202,937
305,077;104,063;202,937
305,077;104,063;202,937
305,077;104,063;202,399
305,077;104,223;202,399
305,077;104,063;202,937
305,077;104,063;202,937
305,077;104,063;202,399
305,077;104,063;202,937
305,077;104,063;202,399
305,077;104,063;202,937
305,077;104,063;202,399
305,077;104,063;202,937
305,077;104,063;202,937
305,077;104,063;202,937
305,077;104,063;202,399
305,077;104,063;202,937
305,077;104,063;202,399
305,077;104,063;202,399
304,376;104,063;202,937
305,077;104,063;202,937
304,376;104,063;202,399
305,077;104,063;202,399
304,376;104,063;202,399
304,376;104,063;202,399
304,376;104,063;202,399
304,726;103,902;202,399
304,376;104,063;202,937
305,077;103,741;202,937
305,077;103,741;203,476
305,077;103,42;204,554
305,077;103,099;204,554
305,077;102,777;205,632
305,077;102,456;206,17
305,779;102,295;206,709
305,428;102,295;206,709
305,779;102,295;206,709
305,779;102,295;206,709
305,779;102,295;206,709
305,779;102,295;206,709
305,779;102,295;206,709
305,779;102,295;206,709
305,779;102,295;206,709
305,779;102,295;206,709
305,779;102,456;206,709
305,779;102,295;206,709
305,779;102,295;206,709
305,779;102,295;206,709
305,779;102,295;206,709
305,779;102,135;206,709
305,779;102,295;206,709
305,779;102,135;206,709
305,779;102,295;206,709
305,779;102,295;206,709
305,779;102,295;206,709
305,779;102,295;206,709
305,779;102,295;206,709
305,779;102,295;206,709
305,779;102,295;206,709
305,428;102,295;206,709
305,779;102,295;206,17
305,428;102,295;206,709
305,428;102,295;206,709
305,428;102,295;206,17
305,779;102,295;206,17
305,428;102,295;206,17
305,779;102,295;206,17
305,077;102,295;206,709
305,428;102,295;206,709
305,428;102,295;206,17
305,077;102,295;206,709
305,428;102,295;206,17
305,428;102,295;206,17
305,077;102,295;206,17
305,428;102,135;206,17
305,077;102,456;206,17
305,077;102,135;206,709
305,077;102,295;205,632
305,077;102,295;206,17
305,077;102,295;206,17
305,428;102,295;206,17
305,077;102,295;206,17
305,077;102,295;206,17
305,077;102,295;205,632
305,077;102,295;206,17
305,077;102,295;206,17
305,077;102,295;206,17
305,077;102,135;206,709
305,077;102,135;206,709
305,077;101,813;207,248
305,428;101,653;207,787
305,428;101,331;208,864
305,779;101,171;209,403
305,779;100,849;209,942
305,779;100,849;209,942
306,48;100,849;209,942
306,48;100,849;209,942
306,48;100,849;209,942
306,13;100,849;209,942
306,48;100,849;209,942
306,48;100,849;209,942
306,48;100,849;209,942
306,48;100,849;209,942
306,48;100,849;209,942
306,48;100,849;209,942
306,48;100,849;209,942
306,13;100,849;209,942
306,13;100,849;209,942
306,48;100,849;209,942
306,13;100,849;209,942
306,13;100,849;209,942
306,13;100,849;209,942
306,13;100,849;209,942
306,13;100,849;209,942
306,48;100,849;209,942
305,779;100,849;209,942
306,13;100,849;209,942
305,779;100,849;209,942
306,13;100,849;209,942
305,779;100,849;209,942
305,779;100,849;209,942
305,779;100,849;209,403
305,779;100,849;209,403
305,779;100,849;209,942
305,779;100,849;209,403
305,779;100,849;209,403
305,779;100,849;209,942
305,779;100,849;209,942
305,779;100,849;209,403
305,779;100,849;209,942
305,779;100,849;209,403
305,779;100,849;209,403
305,779;100,849;209,403
305,779;100,849;209,403
305,779;100,849;209,403
305,779;100,849;209,403
305,428;100,849;209,403
305,779;100,849;209,403
305,779;100,849;209,403
305,428;100,849;209,403
305,779;100,849;209,403
305,428;100,849;208,864
305,428;100,849;209,403
305,428;100,849;209,403
305,428;100,849;209,403
305,428;100,849;209,403
305,428;100,849;209,403
305,077;100,849;209,403
305,428;100,849;209,403
305,428;100,849;209,403
305,077;100,849;208,864
305,428;100,849;208,864
305,428;100,849;208,864
305,077;100,849;208,864
305,077;100,849;208,864
305,077;100,849;209,403
305,077;100,849;208,864
305,077;100,849;209,403
305,077;100,849;209,403
305,077;100,849;209,403
305,077;100,849;208,864
305,077;100,849;209,403
305,077;100,849;208,864
305,077;100,849;209,403
305,077;100,849;208,864
305,077;100,849;208,864
305,077;100,849;208,864
305,077;100,849;208,864
305,077;100,849;208,864
305,077;100,849;208,864
305,077;100,849;208,864
305,077;100,849;208,864
305,077;100,849;208,864
305,077;100,849;208,864
305,077;100,849;208,864
305,077;100,849;208,864
305,077;100,849;208,864
305,077;100,849;208,864
305,077;100,849;208,864
305,077;100,849;208,864
305,077;100,849;208,864
305,077;100,849;208,864
305,077;100,849;208,864
304,726;100,849;208,864
305,077;100,849;208,864
305,077;100,849;208,864
305,077;100,849;208,864
304,376;100,849;208,864
305,077;100,849;208,864
305,077;100,849;208,864
304,726;100,849;208,864
305,077;100,849;208,864
305,077;100,528;209,403
305,077;100,368;209,942
305,077;100,046;211,02
305,077;99,886;211,558
305,077;99,725;212,097
305,077;99,564;212,097
305,428;99,564;212,097
305,428;99,404;212,097
305,779;99,564;212,097
305,428;99,564;212,097
305,428;99,564;212,097
305,779;99,564;212,097
305,428;99,564;212,097
305,428;99,564;212,097
305,428;99,564;212,097
305,428;99,564;212,097
305,779;99,564;212,097
305,428;99,564;212,097
305,428;99,564;212,097
305,428;99,564;212,097
305,428;99,564;212,097
305,428;99,564;212,097
305,779;99,404;212,097
305,077;99,564;212,097
305,428;99,404;212,097
305,077;99,564;211,558
305,428;99,564;212,097
305,077;99,564;212,097
305,077;99,564;212,097
305,077;99,564;211,558
305,077;99,564;212,097
305,077;99,564;212,097
305,077;99,564;211,558
305,077;99,564;212,097
305,077;99,564;212,097
305,077;99,564;212,097
305,077;99,564;212,097
305,077;99,564;212,097
305,077;99,564;211,558
305,077;99,564;212,097
305,077;99,564;212,097
305,077;99,564;212,097
305,077;99,564;211,558
305,077;99,564;212,097
305,077;99,564;211,558
305,077;99,564;212,097
305,077;99,564;211,558
305,077;99,564;212,097
305,077;99,564;211,558
305,077;99,564;211,558
305,077;99,564;211,558
305,077;99,564;211,558
305,077;99,564;211,558
305,077;99,564;212,097
305,077;99,564;211,558
305,077;99,564;211,558
305,077;99,564;211,558
305,077;99,564;211,558
305,077;99,564;211,558
305,077;99,564;211,558
305,077;99,564;211,558
305,077;99,564;211,558
305,077;99,564;211,558
305,077;99,564;211,558
305,077;99,564;211,558
304,726;99,564;211,558
305,077;99,564;211,558
304,376;99,564;211,558
304,376;99,564;211,558
304,376;99,564;211,558
305,077;99,564;211,558
304,376;99,564;211,558
304,376;99,564;211,558
304,376;99,564;211,558
304,376;99,564;211,558
305,077;99,564;211,558
304,376;99,564;211,558
304,376;99,404;211,558
304,376;99,243;212,097
304,376;99,243;212,097
305,077;99,082;212,636
305,077;98,922;213,175
305,077;98,922;213,175
305,077;98,761;213,175
305,077;98,761;213,714
305,077;98,761;213,714
305,077;98,6;214,252
305,077;98,6;213,714
305,077;98,6;213,714
305,077;98,6;213,714
305,077;98,6;213,714
305,077;98,6;213,714
305,077;98,6;213,714
305,077;98,6;213,714
305,077;98,6;213,714
305,077;98,6;213,714
305,077;98,6;213,714
305,077;98,6;213,714
305,077;98,44;213,714
305,077;98,6;213,714
305,077;98,6;213,714
305,077;98,6;213,714
305,077;98,6;213,714
305,077;98,6;213,714
305,077;98,6;213,714
305,077;98,6;213,714
305,077;98,6;213,714
305,077;98,6;213,714
305,077;98,6;213,714
305,077;98,6;213,714
305,077;98,6;213,714
305,077;98,6;213,714
305,077;98,6;213,714
305,077;98,6;213,714
305,077;98,6;213,175
305,077;98,6;213,714
304,376;98,6;213,714
305,077;98,6;213,714
304,726;98,6;213,175
305,077;98,6;213,175
305,077;98,6;213,175
305,077;98,6;213,175
304,376;98,6;213,714
304,726;98,6;213,175
305,077;98,6;213,714
305,077;98,6;213,175
305,077;98,6;213,175
304,376;98,6;213,714
305,077;98,6;213,714
304,376;98,6;213,175
304,376;98,6;213,175
304,376;98,6;213,175
305,077;98,6;213,175
304,376;98,6;213,175
304,376;98,6;213,175
304,376;98,6;213,175
304,376;98,6;213,175
304,376;98,6;213,175
304,376;98,6;213,175
304,376;98,6;213,175
304,376;98,6;213,175
304,376;98,6;213,175
304,376;98,6;213,175
304,376;98,6;213,175
304,376;98,6;213,175
304,376;98,6;213,175
304,376;98,6;213,714
304,376;98,44;214,252
304,376;98,279;214,252
305,077;97,958;215,33
305,077;97,636;216,408
305,077;97,315;216,408
305,077;97,154;217,485
305,428;96,994;218,024
305,428;96,994;218,024
305,428;96,994;218,024
305,779;96,994;217,485
305,428;96,994;218,024
305,779;96,994;218,024
305,779;96,994;217,485
305,779;96,994;217,485
305,779;96,994;217,485
305,779;96,994;217,485
305,779;96,994;217,485
305,779;96,994;217,485
305,779;96,994;217,485
305,779;96,994;217,485
305,428;96,994;217,485
305,779;96,994;218,024
305,779;96,994;217,485
305,428;96,994;217,485
305,428;96,994;217,485
305,428;96,994;217,485
305,428;96,994;217,485
305,428;96,994;217,485
305,428;96,994;217,485
305,428;96,994;217,485
305,428;96,994;217,485
305,428;96,994;217,485
305,428;96,994;217,485
305,428;96,994;217,485
305,428;96,994;217,485
305,077;96,994;217,485
305,428;96,994;217,485
305,077;96,994;217,485
305,077;96,994;217,485
305,077;96,994;217,485
305,077;96,994;217,485
305,077;96,994;217,485
305,077;96,994;216,947
305,077;96,994;217,485
305,077;96,994;216,947
305,077;96,994;217,485
305,077;96,994;217,485
305,077;96,994;217,485
305,077;96,994;217,485
305,077;96,994;217,485
305,077;96,994;216,947
305,077;96,994;217,485
305,077;96,994;216,947
305,077;96,994;217,485
305,077;96,994;216,947
305,077;96,994;216,947
305,077;96,994;216,947
305,077;96,994;216,947
305,077;96,994;217,485
305,077;96,994;216,947
305,077;96,994;216,947
305,077;96,994;216,947
305,077;96,994;216,947
305,077;96,994;216,947
305,077;96,994;217,485
305,077;96,994;217,485
305,077;96,672;218,024
305,077;96,512;218,563
305,077;96,191;219,102
305,428;96,03;220,179
305,779;95,709;220,718
305,779;95,709;221,796
305,779;95,227;221,796
306,48;95,066;222,873
306,48;94,905;223,412
306,48;94,745;223,412
306,831;94,745;223,412
306,48;94,745;223,412
306,48;94,905;223,412
306,48;94,745;222,873
306,831;94,905;223,412
306,831;94,745;223,412
306,831;94,905;222,873
306,831;94,905;223,412
306,831;94,905;222,873
306,831;94,905;222,873
306,48;94,745;223,412
306,831;94,905;222,873
306,831;94,745;222,873
306,48;94,905;223,412
306,831;94,745;223,412
306,48;94,905;222,873
306,831;94,745;222,873
306,48;94,745;222,873
306,48;94,745;222,873
306,48;94,745;222,873
306,48;94,745;223,412
306,48;94,584;223,951
306,831;94,263;225,029
306,831;94,102;225,567
307,182;93,781;226,106
307,883;93,459;227,184
307,883;93,299;227,723
307,883;93,138;228,8
307,883;93,138;228,8
307,883;92,817;229,339
307,883;92,817;229,339
308,234;92,817;229,339
308,234;92,817;229,339
308,585;92,817;229,339
308,234;92,817;229,339
308,234;92,817;229,339
308,234;92,817;229,339
308,234;92,817;229,339
308,585;92,817;229,339
308,234;92,656;229,339
308,585;92,817;229,339
308,234;92,817;229,339
308,585;92,656;229,339
308,234;92,817;229,339
308,234;92,656;229,339
308,234;92,495;229,339
308,234;92,335;230,417
308,234;92,174;230,956
308,585;91,853;231,494
308,585;91,853;231,494
308,936;91,853;232,572
308,936;91,853;232,033
308,936;91,853;232,572
308,936;91,853;231,494
308,936;91,853;232,033
308,585;91,853;232,033
308,936;91,853;232,033
308,936;91,853;232,033
308,936;91,853;231,494
308,936;91,853;231,494
308,585;91,853;231,494
308,585;91,853;231,494
308,585;91,853;231,494
308,585;91,853;231,494
308,585;91,853;231,494
308,585;91,853;231,494
308,585;91,853;231,494
308,585;91,853;231,494
308,585;91,853;231,494
308,585;91,853;231,494
308,585;91,853;231,494
308,585;91,853;231,494
308,585;91,853;231,494
308,585;91,853;231,494
308,585;91,853;231,494
308,234;91,853;231,494
308,585;91,692;232,033
308,585;91,853;231,494
308,585;91,532;232,033
308,234;91,692;232,033
308,234;91,692;232,033
308,234;91,532;232,033
308,234;91,532;232,033
308,585;91,532;232,033
308,585;91,532;232,033
308,234;91,532;232,033
308,234;91,532;232,572
308,234;91,532;232,572
308,234;91,371;232,572
308,234;91,371;232,572
308,234;91,371;232,572
308,234;91,371;232,572
308,234;91,371;232,572
307,883;91,371;232,572
308,234;91,371;232,572
307,883;91,371;232,572
307,883;91,371;232,033
307,883;91,371;232,572
307,883;91,371;232,033
307,883;91,371;232,033
307,883;91,371;232,033
307,883;91,371;232,572
307,883;91,371;232,572
307,883;91,21;232,033
307,883;91,371;232,033
307,883;91,21;232,033
307,883;91,371;232,033
307,883;91,371;232,033
307,883;91,371;232,033
306,831;91,371;232,033
300,166;91,371;232,033
305,077;91,371;232,033
306,831;91,21;232,033
306,831;91,371;232,033
300,517;91,371;232,033
307,182;91,371;231,494
307,883;91,371;232,033
307,883;91,371;232,033
307,883;91,371;231,494
307,883;91,371;231,494
307,883;91,371;232,033
307,883;91,371;231,494
307,883;91,371;231,494
307,883;91,371;232,033
307,883;91,371;231,494
307,182;91,21;231,494
307,182;91,371;231,494
307,883;91,371;231,494
307,182;91,371;231,494
307,182;91,371;231,494
307,182;91,371;231,494
306,831;91,371;231,494
307,182;91,371;231,494
307,182;91,371;231,494
306,831;91,371;231,494
307,182;91,371;231,494
306,831;91,371;231,494
306,831;91,371;231,494
306,831;91,21;231,494
306,48;91,371;231,494
306,831;91,21;231,494
306,831;91,371;231,494
306,831;91,371;231,494
306,48;91,371;231,494
306,48;91,371;231,494
306,48;91,371;231,494
306,48;91,371;231,494
306,48;91,371;231,494
306,48;91,371;230,956
306,48;91,532;230,956
306,48;91,532;230,417
306,48;91,532;230,417
306,48;91,692;230,417
306,13;91,532;230,417
305,779;91,853;230,417
306,13;91,532;230,417
305,779;91,692;230,417
305,779;91,532;230,417
305,779;91,692;230,417
305,779;91,532;230,417
305,779;91,853;230,417
305,779;91,692;229,878
305,779;91,853;229,878
305,779;91,853;229,878
305,779;91,853;229,878
305,779;91,853;229,878
305,779;91,853;229,878
305,428;91,853;229,878
305,428;91,692;229,878
305,428;91,692;229,878
305,428;91,532;229,878
305,428;91,692;229,878
305,428;91,692;229,878
305,077;91,532;229,878
305,077;91,853;229,339
305,077;91,853;229,878
305,428;91,532;229,878
305,077;91,853;229,878
305,428;91,692;229,878
305,077;91,692;229,878
305,428;91,853;229,878
305,077;91,532;229,878
305,077;91,853;229,878
305,077;91,853;229,878
305,077;91,532;229,878
305,077;91,853;229,339
305,077;91,853;229,878
305,077;91,853;229,339
305,077;91,853;229,339
305,077;91,532;229,339
305,077;91,692;229,339
305,077;91,532;229,339
305,077;91,692;229,339
305,077;91,532;229,339
305,077;91,853;229,339
305,077;91,532;229,339
305,077;91,532;229,339
305,077;91,853;229,339
305,077;91,853;229,339
305,077;91,532;229,339
305,077;91,692;229,339
305,077;91,532;229,878
305,077;91,532;229,339
305,077;91,532;229,878
305,077;91,532;229,339
305,077;91,532;229,339
305,077;91,692;229,878
305,077;91,532;229,339
305,077;91,532;229,339
305,077;91,532;229,339
305,077;91,532;229,878
305,077;91,532;229,878
305,077;91,532;229,878
305,077;91,532;229,878
